Fecha Local,Fecha UTC,Dirección del Viento (grados),Dirección de ráfaga (grados),Rapidez de viento (km/h),Rapidez de ráfaga (km/h),Temperatura del Aire (°C),Humedad relativa (%),Presión Atmosférica (hpa),Precipitación (mm),Radiación Solar (W/m²)
26/05/2021 11:50,26/05/2021 16:50,125,112,15.3,22.9,32.1,66,1018.8,0,1054
26/05/2021 11:40,26/05/2021 16:40,126,141,14.4,25.2,32,67,1018.8,0,979
26/05/2021 11:30,26/05/2021 16:30,124,126,14.7,22.3,32.3,66,1018.8,0,776
26/05/2021 11:20,26/05/2021 16:20,129,123,12.8,18.9,32.1,67,1018.9,0,837
26/05/2021 11:10,26/05/2021 16:10,123,102,13.9,24.1,31.8,67,1018.9,0,947
26/05/2021 11:00,26/05/2021 16:00,129,111,13.2,22.9,31.9,65,1018.8,0,906
26/05/2021 10:50,26/05/2021 15:50,121,108,12.9,23.5,31.9,65,1018.8,0,898
26/05/2021 10:40,26/05/2021 15:40,124,117,14.6,25.2,31.8,65,1018.8,0,904
26/05/2021 10:30,26/05/2021 15:30,126,116,13.8,23.5,31.6,66,1018.8,0,747
26/05/2021 10:20,26/05/2021 15:20,124,117,15.9,24.1,31.4,66,1018.7,0,810
26/05/2021 10:10,26/05/2021 15:10,122,112,13.5,24.6,31.3,67,1018.7,0,761
26/05/2021 10:00,26/05/2021 15:00,128,121,13.5,21.8,31.2,67,1018.7,0,678
26/05/2021 09:50,26/05/2021 14:50,126,110,14.9,22.3,31,67,1018.7,0,716
26/05/2021 09:40,26/05/2021 14:40,128,108,14.5,24.6,30.8,68,1018.6,0,699
26/05/2021 09:30,26/05/2021 14:30,117,119,16.8,24.1,31.1,67,1018.6,0,617
26/05/2021 09:20,26/05/2021 14:20,125,121,13.5,21.2,30.7,68,1018.5,0,656
26/05/2021 09:10,26/05/2021 14:10,123,108,15.7,25.2,30.3,70,1018.5,0,537
26/05/2021 09:00,26/05/2021 14:00,124,122,15.3,23.5,30.2,70,1018.4,0,418
26/05/2021 08:50,26/05/2021 13:50,123,117,13.8,24.1,30.4,68,1018.3,0,536
26/05/2021 08:40,26/05/2021 13:40,129,149,13.1,26.4,30.1,71,1018.2,0,497
26/05/2021 08:30,26/05/2021 13:30,118,116,16.3,25.2,29.7,73,1018.1,0,418
26/05/2021 08:20,26/05/2021 13:20,117,119,15.8,24.6,29.5,74,1018,0,403
26/05/2021 08:10,26/05/2021 13:10,122,102,13.2,22.3,29.3,74,1018,0,344
26/05/2021 08:00,26/05/2021 13:00,121,107,14.4,23.5,28.8,77,1017.9,0,317
26/05/2021 07:50,26/05/2021 12:50,117,114,15.5,22.9,28.6,79,1017.8,0,256
26/05/2021 07:40,26/05/2021 12:40,115,106,14.7,21.8,28.5,79,1017.7,0,181
26/05/2021 07:30,26/05/2021 12:30,114,104,15.9,28.1,28.3,82,1017.5,0,230
26/05/2021 07:20,26/05/2021 12:20,115,114,16.3,24.1,27.9,85,1017.3,0,212
26/05/2021 07:10,26/05/2021 12:10,115,112,13.5,21.2,27.4,91,1017.2,0,172
26/05/2021 07:00,26/05/2021 12:00,115,113,12,17.7,26.8,97,1017.1,0,121
26/05/2021 06:50,26/05/2021 11:50,112,108,12.9,19.5,26.4,100,1017.1,0,66
26/05/2021 06:40,26/05/2021 11:40,116,124,10.6,15.4,26,100,1017,0,49
26/05/2021 06:30,26/05/2021 11:30,113,118,10.9,16,25.7,100,1016.9,0,23
26/05/2021 06:20,26/05/2021 11:20,112,115,10.2,13.7,25.6,100,1016.9,0,8
26/05/2021 06:10,26/05/2021 11:10,112,111,9.3,12.5,25.6,100,1016.9,0,2
26/05/2021 06:00,26/05/2021 11:00,110,116,9.2,13.7,25.5,100,1016.9,0,-1
26/05/2021 05:50,26/05/2021 10:50,112,116,7.5,9.7,25.6,100,1016.9,0,-2
26/05/2021 05:40,26/05/2021 10:40,108,108,7.5,10.2,25.7,100,1016.9,0,-2
26/05/2021 05:30,26/05/2021 10:30,109,109,8.1,11.4,25.7,100,1016.8,0,-2
26/05/2021 05:20,26/05/2021 10:20,108,112,9.3,13.1,25.6,100,1016.8,0,-2
26/05/2021 05:10,26/05/2021 10:10,111,107,7.9,10.2,25.6,100,1016.7,0,-2
26/05/2021 05:00,26/05/2021 10:00,115,116,6.8,9.1,25.7,100,1016.6,0,-2
26/05/2021 04:50,26/05/2021 09:50,114,109,9.3,13.1,25.8,100,1016.5,0,-2
26/05/2021 04:40,26/05/2021 09:40,116,114,8.6,13.1,25.9,100,1016.5,0,-2
26/05/2021 04:30,26/05/2021 09:30,117,115,9.5,12.5,25.9,100,1016.5,0,-2
26/05/2021 04:20,26/05/2021 09:20,116,116,9.3,12.5,26,98,1016.5,0,-2
26/05/2021 04:10,26/05/2021 09:10,116,121,9.2,12.5,26,97,1016.5,0,-2
26/05/2021 04:00,26/05/2021 09:00,121,119,7.7,12,26,95,1016.6,0,-2
26/05/2021 03:50,26/05/2021 08:50,118,114,8,12,26.1,94,1016.6,0,-2
26/05/2021 03:40,26/05/2021 08:40,119,115,9,13.1,26.2,93,1016.7,0,-2
26/05/2021 03:30,26/05/2021 08:30,118,117,7.8,12,26.3,91,1016.7,0,-2
26/05/2021 03:20,26/05/2021 08:20,113,107,9.3,14.9,26.5,90,1016.7,0,-2
26/05/2021 03:10,26/05/2021 08:10,116,110,10.2,14.3,26.6,89,1016.7,0,-2
26/05/2021 03:00,26/05/2021 08:00,114,106,11.6,17.7,26.7,88,1016.8,0,-2
26/05/2021 02:50,26/05/2021 07:50,121,121,10.5,15.4,26.6,89,1016.9,0,-1
26/05/2021 02:40,26/05/2021 07:40,116,118,11.4,16.6,26.6,90,1017,0,-2
26/05/2021 02:30,26/05/2021 07:30,117,120,11.4,17.2,26.6,91,1017.1,0,-2
26/05/2021 02:20,26/05/2021 07:20,121,114,8.8,12.5,26.7,91,1017.1,0,-2
26/05/2021 02:10,26/05/2021 07:10,120,112,8.8,14.3,26.8,89,1017.2,0,-2
26/05/2021 02:00,26/05/2021 07:00,120,114,9.6,17.7,26.8,89,1017.3,0,-2
26/05/2021 01:50,26/05/2021 06:50,123,113,9.6,18.9,26.9,88,1017.3,0,-2
26/05/2021 01:40,26/05/2021 06:40,121,113,11,18.9,26.8,88,1017.4,0,-2
26/05/2021 01:30,26/05/2021 06:30,120,108,10.8,16.6,26.8,88,1017.5,0,-2
26/05/2021 01:20,26/05/2021 06:20,121,109,10.5,17.2,26.9,88,1017.5,0,-2
26/05/2021 01:10,26/05/2021 06:10,124,117,9.3,14.3,27,86,1017.5,0,-2
26/05/2021 01:00,26/05/2021 06:00,126,115,10.1,16.6,27,86,1017.6,0,-2
26/05/2021 00:50,26/05/2021 05:50,129,118,10.5,19.5,27,87,1017.6,0,-2
26/05/2021 00:40,26/05/2021 05:40,122,128,11.8,20.6,27,88,1017.7,0,-2
26/05/2021 00:30,26/05/2021 05:30,123,115,10.5,18.9,27.1,87,1017.7,0,-2
26/05/2021 00:20,26/05/2021 05:20,122,116,12.6,20,27.1,88,1017.8,0,-2
26/05/2021 00:10,26/05/2021 05:10,121,114,12.4,20,27.1,88,1017.8,0,-2
26/05/2021 00:00,26/05/2021 05:00,122,112,11.8,19.5,27.2,87,1017.8,0,-2
25/05/2021 23:50,26/05/2021 04:50,124,118,14.2,22.9,27.2,87,1017.9,0,-3
25/05/2021 23:40,26/05/2021 04:40,123,116,12.7,23.5,27.2,86,1017.9,0,-2
25/05/2021 23:30,26/05/2021 04:30,122,118,13,21.2,27.3,86,1018,0,-2
25/05/2021 23:20,26/05/2021 04:20,121,119,13.7,24.1,27.4,86,1018,0,-2
25/05/2021 23:10,26/05/2021 04:10,124,134,14.1,22.3,27.5,85,1018,0,-2
25/05/2021 23:00,26/05/2021 04:00,122,113,15.3,22.3,27.5,85,1017.9,0,-1
25/05/2021 22:50,26/05/2021 03:50,122,122,15.5,25.8,27.4,85,1017.9,0,-1
25/05/2021 22:40,26/05/2021 03:40,125,116,13.6,21.8,27.4,85,1017.9,0,-2
25/05/2021 22:30,26/05/2021 03:30,131,121,11.7,20.6,27.4,84,1017.9,0,-2
25/05/2021 22:20,26/05/2021 03:20,125,128,13.7,23.5,27.4,84,1017.9,0,-2
25/05/2021 22:10,26/05/2021 03:10,123,115,13.8,22.3,27.4,85,1017.9,0,-2
25/05/2021 22:00,26/05/2021 03:00,123,111,14.2,22.9,27.5,85,1017.9,0,-2
25/05/2021 21:50,26/05/2021 02:50,128,119,12.4,23.5,27.4,84,1017.8,0,-2
25/05/2021 21:40,26/05/2021 02:40,132,120,12.7,21.8,27.4,85,1017.6,0,-2
25/05/2021 21:30,26/05/2021 02:30,126,124,12.4,20,27.4,85,1017.5,0,-2
25/05/2021 21:20,26/05/2021 02:20,125,114,12.5,23.5,27.4,85,1017.4,0,-2
25/05/2021 21:10,26/05/2021 02:10,130,116,13.5,23.5,27.4,84,1017.4,0,-2
25/05/2021 21:00,26/05/2021 02:00,126,112,13.7,21.2,27.4,85,1017.3,0,-2
25/05/2021 20:50,26/05/2021 01:50,125,117,12.3,22.3,27.4,86,1017.2,0,-2
25/05/2021 20:40,26/05/2021 01:40,127,129,11.5,18.9,27.4,86,1017.2,0,-2
25/05/2021 20:30,26/05/2021 01:30,127,109,13,25.2,27.5,86,1017,0,-2
25/05/2021 20:20,26/05/2021 01:20,122,116,14.9,25.2,27.5,85,1016.9,0,-2
25/05/2021 20:10,26/05/2021 01:10,126,111,13.4,20.6,27.4,85,1016.8,0,-2
25/05/2021 20:00,26/05/2021 01:00,126,131,13.4,20.6,27.6,85,1016.7,0,-2
25/05/2021 19:50,26/05/2021 00:50,122,119,15,22.3,27.6,84,1016.6,0,-2
25/05/2021 19:40,26/05/2021 00:40,122,115,16.2,26.9,27.7,83,1016.6,0,-1
25/05/2021 19:30,26/05/2021 00:30,124,114,16.2,25.8,27.7,83,1016.4,0,1
25/05/2021 19:20,26/05/2021 00:20,119,108,16.6,28.1,27.8,83,1016.3,0,6
25/05/2021 19:10,26/05/2021 00:10,120,113,15.6,26.9,28,83,1016.2,0,15
25/05/2021 19:00,26/05/2021 00:00,119,108,18,29.2,28.1,83,1016.2,0,17
25/05/2021 18:50,25/05/2021 23:50,120,105,15.5,23.5,28.3,82,1016.2,0,22
25/05/2021 18:40,25/05/2021 23:40,112,112,19.2,26.9,28.4,82,1016.1,0,43
25/05/2021 18:30,25/05/2021 23:30,119,111,18.7,30.4,28.6,80,1016.1,0,60
25/05/2021 18:20,25/05/2021 23:20,116,112,17.6,29.8,29,78,1016,0,65
25/05/2021 18:10,25/05/2021 23:10,119,111,17.8,30.4,29.3,76,1016,0,125
25/05/2021 18:00,25/05/2021 23:00,125,120,19.5,28.7,29.7,74,1016,0,157
25/05/2021 17:50,25/05/2021 22:50,115,113,18,26.4,30.1,73,1015.9,0,245
25/05/2021 17:40,25/05/2021 22:40,122,99,14.7,28.1,30.3,72,1015.9,0,259
25/05/2021 17:30,25/05/2021 22:30,114,99,19,26.9,30.1,72,1016,0,353
25/05/2021 17:20,25/05/2021 22:20,120,105,17.7,29.8,29.9,73,1016,0,386
25/05/2021 17:10,25/05/2021 22:10,118,108,18.4,29.8,29.8,73,1016,0,263
25/05/2021 17:00,25/05/2021 22:00,126,134,14.1,22.9,30.1,71,1016.1,0,222
25/05/2021 16:50,25/05/2021 21:50,121,115,17.7,28.7,30.5,70,1016.2,0,378
25/05/2021 16:40,25/05/2021 21:40,120,107,16.2,26.4,30.8,68,1016.3,0,444
25/05/2021 16:30,25/05/2021 21:30,119,110,17,26.4,31.1,67,1016.4,0,501
25/05/2021 16:20,25/05/2021 21:20,122,124,17.2,28.7,30.6,70,1016.4,0,602
25/05/2021 16:10,25/05/2021 21:10,122,105,17.5,29.2,31,67,1016.5,0,422
25/05/2021 16:00,25/05/2021 21:00,121,126,18,26.4,31.2,67,1016.5,0,672
25/05/2021 15:50,25/05/2021 20:50,125,139,15.5,25.2,31.4,66,1016.5,0,535
25/05/2021 15:40,25/05/2021 20:40,127,122,18.3,29.8,30.9,69,1016.6,0,643
25/05/2021 15:30,25/05/2021 20:30,120,122,19.6,29.2,31.2,67,1016.7,0,561
25/05/2021 15:20,25/05/2021 20:20,122,117,17,28.7,31.7,66,1016.7,0,400
25/05/2021 15:10,25/05/2021 20:10,131,124,16.6,28.7,31.8,66,1016.8,0,275
25/05/2021 15:00,25/05/2021 20:00,123,115,18.6,28.1,31.7,66,1016.9,0,261
25/05/2021 14:50,25/05/2021 19:50,117,100,19.1,28.1,31.6,66,1016.9,0,536
25/05/2021 14:40,25/05/2021 19:40,122,111,18.3,31,31.5,67,1016.9,0,749
25/05/2021 14:30,25/05/2021 19:30,121,100,16.6,25.8,31.8,65,1017,0,472
25/05/2021 14:20,25/05/2021 19:20,122,107,16.8,31.6,32,65,1017.1,0,663
25/05/2021 14:10,25/05/2021 19:10,120,109,18.9,33.3,31.9,65,1017.2,0,776
25/05/2021 14:00,25/05/2021 19:00,125,108,17.5,29.2,32.1,65,1017.2,0,778
25/05/2021 13:50,25/05/2021 18:50,131,121,16.1,28.1,32,66,1017.3,0,634
25/05/2021 13:40,25/05/2021 18:40,121,115,17.4,30.4,32,65,1017.4,0,728
25/05/2021 13:30,25/05/2021 18:30,124,101,18.4,29.2,31.9,64,1017.5,0,964
25/05/2021 13:20,25/05/2021 18:20,122,111,17.4,26.9,31.9,65,1017.5,0,966
25/05/2021 13:10,25/05/2021 18:10,130,113,14.6,22.9,31.9,64,1017.6,0,1026
25/05/2021 13:00,25/05/2021 18:00,122,118,16.1,28.1,31.9,65,1017.6,0,989
25/05/2021 12:50,25/05/2021 17:50,123,103,14.8,26.4,32,64,1017.7,0,947
25/05/2021 12:40,25/05/2021 17:40,128,132,16,25.2,32,64,1017.8,0,1008
25/05/2021 12:30,25/05/2021 17:30,129,113,15.4,24.1,31.8,65,1017.9,0,962
25/05/2021 12:20,25/05/2021 17:20,128,120,17.1,26.4,31.8,64,1018,0,1043
25/05/2021 12:10,25/05/2021 17:10,128,116,16.3,25.8,31.8,64,1018.1,0,1004
25/05/2021 12:00,25/05/2021 17:00,126,110,16.4,25.8,31.9,64,1018.2,0,1036
25/05/2021 11:50,25/05/2021 16:50,122,117,17.8,26.9,31.8,64,1018.2,0,1020
25/05/2021 11:40,25/05/2021 16:40,128,114,15.1,29.2,31.9,63,1018.2,0,997
25/05/2021 11:30,25/05/2021 16:30,123,98,16.6,25.2,31.8,63,1018.2,0,976
25/05/2021 11:20,25/05/2021 16:20,129,121,15.1,25.2,31.6,63,1018.3,0,977
25/05/2021 11:10,25/05/2021 16:10,133,111,15.8,25.2,31.4,64,1018.2,0,905
25/05/2021 11:00,25/05/2021 16:00,121,124,18,28.1,31.4,63,1018.2,0,891
25/05/2021 10:50,25/05/2021 15:50,129,113,14.9,23.5,31.5,63,1018.3,0,816
25/05/2021 10:40,25/05/2021 15:40,126,114,17.6,29.8,31.3,63,1018.3,0,850
25/05/2021 10:30,25/05/2021 15:30,121,108,16.4,27.5,31.3,63,1018.2,0,887
25/05/2021 10:20,25/05/2021 15:20,121,110,16.6,25.2,31.3,62,1018.2,0,714
25/05/2021 10:10,25/05/2021 15:10,124,105,16.8,26.4,31,61,1018.1,0,785
25/05/2021 10:00,25/05/2021 15:00,125,116,16.5,26.4,30.9,61,1018.1,0,757
25/05/2021 09:50,25/05/2021 14:50,117,108,16.7,29.8,30.7,62,1017.9,0,710
25/05/2021 09:40,25/05/2021 14:40,122,116,18.2,32.1,30.7,63,1017.8,0,688
25/05/2021 09:30,25/05/2021 14:30,121,109,17.4,26.4,30.6,63,1017.7,0,557
25/05/2021 09:20,25/05/2021 14:20,125,125,14.9,25.8,30.7,64,1017.6,0,621
25/05/2021 09:10,25/05/2021 14:10,119,109,17.8,28.1,30.4,65,1017.5,0,584
25/05/2021 09:00,25/05/2021 14:00,123,106,14.9,28.1,30.2,66,1017.4,0,519
25/05/2021 08:50,25/05/2021 13:50,122,109,16,26.9,30.1,66,1017.4,0,531
25/05/2021 08:40,25/05/2021 13:40,116,110,17.8,26.9,29.8,67,1017.3,0,490
25/05/2021 08:30,25/05/2021 13:30,119,107,17.4,27.5,29.7,68,1017.3,0,450
25/05/2021 08:20,25/05/2021 13:20,118,108,17.1,26.4,29.5,69,1017.3,0,397
25/05/2021 08:10,25/05/2021 13:10,123,118,14.5,24.1,29.2,72,1017.1,0,395
25/05/2021 08:00,25/05/2021 13:00,120,114,15.4,23.5,29,72,1016.9,0,322
25/05/2021 07:50,25/05/2021 12:50,120,114,14.4,23.5,28.6,75,1016.8,0,287
25/05/2021 07:40,25/05/2021 12:40,118,107,15.6,26.4,28.1,77,1016.8,0,224
25/05/2021 07:30,25/05/2021 12:30,121,112,12.4,21.2,27.9,80,1016.7,0,183
25/05/2021 07:20,25/05/2021 12:20,119,131,12.4,21.8,27.5,81,1016.6,0,133
25/05/2021 07:10,25/05/2021 12:10,119,100,12.7,20.6,27.3,82,1016.4,0,90
25/05/2021 07:00,25/05/2021 12:00,116,115,14.4,22.9,27.1,83,1016.3,0,66
25/05/2021 06:50,25/05/2021 11:50,117,103,12.8,22.3,26.9,85,1016,0,48
25/05/2021 06:40,25/05/2021 11:40,120,111,12.5,18.3,26.8,86,1015.9,0,24
25/05/2021 06:30,25/05/2021 11:30,117,117,11.4,17.7,26.6,88,1015.7,0,19
25/05/2021 06:20,25/05/2021 11:20,117,117,11.3,16,26.6,89,1015.6,0,8
25/05/2021 06:10,25/05/2021 11:10,120,119,10.1,14.3,26.7,88,1015.5,0,2
25/05/2021 06:00,25/05/2021 11:00,120,109,10.9,20.6,26.7,88,1015.5,0,0
25/05/2021 05:50,25/05/2021 10:50,121,120,9.9,16.6,26.7,88,1015.5,0,-1
25/05/2021 05:40,25/05/2021 10:40,121,114,9.4,14.9,26.7,89,1015.5,0,-1
25/05/2021 05:30,25/05/2021 10:30,122,119,10.2,16,26.6,91,1015.5,0,-1
25/05/2021 05:20,25/05/2021 10:20,123,118,6.9,16.6,26.6,92,1015.4,0,-1
25/05/2021 05:10,25/05/2021 10:10,126,125,5.9,9.7,26.6,91,1015.3,0,-1
25/05/2021 05:00,25/05/2021 10:00,129,113,7.3,13.7,26.6,92,1015.1,0,-1
25/05/2021 04:50,25/05/2021 09:50,119,107,8.8,17.2,26.7,92,1015.1,0,-1
25/05/2021 04:40,25/05/2021 09:40,120,117,9.4,20.6,26.7,92,1015.1,0,-1
25/05/2021 04:30,25/05/2021 09:30,122,118,9.4,15.4,26.7,91,1015.1,0,-1
25/05/2021 04:20,25/05/2021 09:20,123,114,8.4,13.1,26.7,91,1015.1,0,-1
25/05/2021 04:10,25/05/2021 09:10,126,120,7.9,14.3,26.7,91,1015,0,-1
25/05/2021 04:00,25/05/2021 09:00,129,104,8,13.7,26.6,92,1015,0,-1
25/05/2021 03:50,25/05/2021 08:50,125,123,7.7,12.5,26.6,93,1015,0,-1
25/05/2021 03:40,25/05/2021 08:40,126,118,7.1,13.7,26.5,93,1015.1,0,-1
25/05/2021 03:30,25/05/2021 08:30,131,116,5.2,10.2,26.5,93,1015.1,0,0
25/05/2021 03:20,25/05/2021 08:20,127,122,8.1,13.7,26.4,93,1015,0,-1
25/05/2021 03:10,25/05/2021 08:10,130,123,4.3,9.1,26.4,93,1015,0,-1
25/05/2021 03:00,25/05/2021 08:00,133,158,6.4,12,26.4,93,1015.1,0,-1
25/05/2021 02:50,25/05/2021 07:50,129,117,7.3,12.5,26.4,92,1015,0,-1
25/05/2021 02:40,25/05/2021 07:40,133,121,7.1,14.9,26.4,92,1015,0,-1
25/05/2021 02:30,25/05/2021 07:30,131,117,7.4,11.4,26.4,92,1015,0,-2
25/05/2021 02:20,25/05/2021 07:20,128,130,9.5,16,26.4,91,1015.1,0,-2
25/05/2021 02:10,25/05/2021 07:10,124,114,10.3,16.6,26.5,91,1015.1,0,-2
25/05/2021 02:00,25/05/2021 07:00,128,122,9.6,16,26.6,91,1015.2,0,-2
25/05/2021 01:50,25/05/2021 06:50,130,115,9.5,14.9,26.6,90,1015.4,0,-1
25/05/2021 01:40,25/05/2021 06:40,128,121,9,15.4,26.7,90,1015.6,0,-1
25/05/2021 01:30,25/05/2021 06:30,129,119,11.3,22.3,26.8,89,1015.7,0,-2
25/05/2021 01:20,25/05/2021 06:20,133,120,10.9,18.9,26.9,89,1015.8,0,-1
25/05/2021 01:10,25/05/2021 06:10,131,131,11.7,18.9,27,88,1015.9,0,-1
25/05/2021 01:00,25/05/2021 06:00,131,128,10.7,19.5,27.2,86,1016.1,0,-1
25/05/2021 00:50,25/05/2021 05:50,131,126,12,19.5,27.2,85,1016.2,0,-1
25/05/2021 00:40,25/05/2021 05:40,133,115,11.7,19.5,27.1,83,1016.2,0,-1
25/05/2021 00:30,25/05/2021 05:30,135,133,12.3,21.8,27,82,1016.3,0,-1
25/05/2021 00:20,25/05/2021 05:20,127,135,9,20,26.7,79,1016.3,0,-1
25/05/2021 00:10,25/05/2021 05:10,137,154,8,14.9,26.6,79,1016.3,0,-1
25/05/2021 00:00,25/05/2021 05:00,142,154,9.5,20,26.6,83,1016.3,0,-1
24/05/2021 23:50,25/05/2021 04:50,143,154,11.1,18.3,26.4,85,1016.5,0,0
24/05/2021 23:40,25/05/2021 04:40,144,139,12,20,26.1,88,1016.6,0,-1
24/05/2021 23:30,25/05/2021 04:30,136,166,8.4,18.3,25.9,90,1016.7,0,-1
24/05/2021 23:20,25/05/2021 04:20,130,123,8.3,14.3,25.8,89,1016.7,0,-1
24/05/2021 23:10,25/05/2021 04:10,132,159,9.9,20,25.8,88,1016.8,0,-1
24/05/2021 23:00,25/05/2021 04:00,133,157,10.3,22.3,25.6,88,1016.8,0,-1
24/05/2021 22:50,25/05/2021 03:50,138,165,7.2,15.4,25.4,92,1016.7,0,0
24/05/2021 22:40,25/05/2021 03:40,143,149,11.4,17.7,25.2,95,1016.7,0,0
24/05/2021 22:30,25/05/2021 03:30,142,143,12.5,24.1,25.4,95,1016.7,0,-1
24/05/2021 22:20,25/05/2021 03:20,136,147,14.7,24.6,25.8,92,1016.8,0,-1
24/05/2021 22:10,25/05/2021 03:10,132,113,17.5,31,26.3,85,1016.7,0,0
24/05/2021 22:00,25/05/2021 03:00,134,127,11.9,22.9,26,84,1016.5,0,1
24/05/2021 21:50,25/05/2021 02:50,129,124,8.1,19.5,25.7,86,1016.4,0,0
24/05/2021 21:40,25/05/2021 02:40,123,117,11.8,19.5,25.6,92,1016.3,0,0
24/05/2021 21:30,25/05/2021 02:30,119,116,11.5,21.2,25.5,97,1016.2,0,0
24/05/2021 21:20,25/05/2021 02:20,118,116,11.8,22.3,25.3,97,1016.2,0,1
24/05/2021 21:10,25/05/2021 02:10,121,114,10.9,18.9,25.2,99,1016,0,1
24/05/2021 21:00,25/05/2021 02:00,122,115,10.6,23.5,25.1,100,1015.9,0,1
24/05/2021 20:50,25/05/2021 01:50,118,122,15,24.1,24.8,100,1015.9,0,1
24/05/2021 20:40,25/05/2021 01:40,123,118,11.8,21.8,24.8,100,1015.9,0,1
24/05/2021 20:30,25/05/2021 01:30,128,125,12.1,22.3,24.7,100,1015.8,0,1
24/05/2021 20:20,25/05/2021 01:20,136,150,10.3,17.2,24.5,100,1015.8,0,0
24/05/2021 20:10,25/05/2021 01:10,142,146,12.4,22.3,24.4,100,1015.8,0,1
24/05/2021 20:00,25/05/2021 01:00,140,134,13.4,22.3,24.7,100,1015.9,0,0
24/05/2021 19:50,25/05/2021 00:50,137,135,12.7,23.5,25.2,98,1015.9,0.25,-1
24/05/2021 19:40,25/05/2021 00:40,138,139,11.2,17.7,25.4,95,1015.9,0,-1
24/05/2021 19:30,25/05/2021 00:30,139,155,11,24.1,25.4,92,1015.8,0,1
24/05/2021 19:20,25/05/2021 00:20,141,129,14.4,24.1,25.5,90,1015.7,0,5
24/05/2021 19:10,25/05/2021 00:10,135,133,14.3,22.9,26,88,1015.6,0,8
24/05/2021 19:00,25/05/2021 00:00,136,120,13.8,25.8,26.4,86,1015.5,0,15
24/05/2021 18:50,24/05/2021 23:50,132,128,13.5,25.2,26.5,86,1015.4,0,28
24/05/2021 18:40,24/05/2021 23:40,124,114,15.8,28.7,26.8,85,1015.4,0,34
24/05/2021 18:30,24/05/2021 23:30,130,128,12.9,26.4,27.2,83,1015.3,0,65
24/05/2021 18:20,24/05/2021 23:20,133,146,14.2,26.4,27.6,82,1015.1,0,111
24/05/2021 18:10,24/05/2021 23:10,125,117,13.9,26.4,27.7,81,1015,0,136
24/05/2021 18:00,24/05/2021 23:00,122,123,18.2,28.1,27.8,80,1015,0,166
24/05/2021 17:50,24/05/2021 22:50,126,121,15.6,25.2,28,78,1015,0,155
24/05/2021 17:40,24/05/2021 22:40,123,125,17.5,29.8,28.3,76,1015,0,168
24/05/2021 17:30,24/05/2021 22:30,128,127,14.6,24.6,28.3,76,1014.9,0,241
24/05/2021 17:20,24/05/2021 22:20,126,115,15.8,26.4,28,77,1014.8,0,241
24/05/2021 17:10,24/05/2021 22:10,123,116,18.4,30.4,28.1,78,1014.8,0,215
24/05/2021 17:00,24/05/2021 22:00,124,116,20.7,32.7,28.6,75,1014.8,0,237
24/05/2021 16:50,24/05/2021 21:50,121,121,18.9,35,29,74,1014.7,0,285
24/05/2021 16:40,24/05/2021 21:40,121,107,19.2,33.3,29.3,72,1014.7,0,291
24/05/2021 16:30,24/05/2021 21:30,129,123,16.5,26.4,29.5,72,1014.7,0,341
24/05/2021 16:20,24/05/2021 21:20,126,114,15.7,24.6,29.7,72,1014.8,0,346
24/05/2021 16:10,24/05/2021 21:10,120,110,18,29.2,29.7,73,1014.8,0,470
24/05/2021 16:00,24/05/2021 21:00,126,117,16.2,28.7,29.7,73,1014.9,0,389
24/05/2021 15:50,24/05/2021 20:50,130,113,16.8,28.1,29.6,71,1014.9,0,402
24/05/2021 15:40,24/05/2021 20:40,121,131,19.9,30.4,29.5,72,1014.9,0,503
24/05/2021 15:30,24/05/2021 20:30,134,155,14.1,28.7,28.8,76,1015,0,447
24/05/2021 15:20,24/05/2021 20:20,129,120,16.2,28.1,29.4,73,1015,0,208
24/05/2021 15:10,24/05/2021 20:10,100,88,21.3,33.3,29.7,72,1015,0,424
24/05/2021 15:00,24/05/2021 20:00,100,98,22.6,29.8,29.8,70,1015,0,369
24/05/2021 14:50,24/05/2021 19:50,107,108,18.7,29.2,29.7,71,1015.1,0,569
24/05/2021 14:40,24/05/2021 19:40,111,106,18.4,27.5,29.2,72,1015.2,0,387
24/05/2021 14:30,24/05/2021 19:30,105,97,20,29.8,29.3,70,1015.4,0,347
24/05/2021 14:20,24/05/2021 19:20,106,111,20.5,32.1,29.9,68,1015.5,0,447
24/05/2021 14:10,24/05/2021 19:10,107,111,18.9,26.9,29.8,70,1015.6,0,592
24/05/2021 14:00,24/05/2021 19:00,104,106,22,31,29.5,71,1015.6,0,478
24/05/2021 13:50,24/05/2021 18:50,109,112,17.7,31,29.5,71,1015.7,0,390
24/05/2021 13:40,24/05/2021 18:40,110,105,19.2,29.8,30,69,1015.9,0,380
24/05/2021 13:30,24/05/2021 18:30,110,129,15.5,27.5,29.7,72,1016,0,605
24/05/2021 13:20,24/05/2021 18:20,99,105,19.1,25.2,29.7,71,1016.2,0,722
24/05/2021 13:10,24/05/2021 18:10,96,104,20.9,28.7,30.1,70,1016.3,0,710
24/05/2021 13:00,24/05/2021 18:00,107,98,18.5,25.2,29.8,71,1016.4,0,821
24/05/2021 12:50,24/05/2021 17:50,95,102,22.5,31,29.8,72,1016.4,0,927
24/05/2021 12:40,24/05/2021 17:40,104,105,20.9,30.4,30,71,1016.5,0,967
24/05/2021 12:30,24/05/2021 17:30,113,105,17.1,28.7,29.4,72,1016.6,0,886
24/05/2021 12:20,24/05/2021 17:20,108,97,20.9,31,29.3,70,1016.6,0,506
24/05/2021 12:10,24/05/2021 17:10,117,103,19.3,29.2,30,69,1016.7,0,499
24/05/2021 12:00,24/05/2021 17:00,117,114,19.8,32.1,30.3,70,1016.8,0,828
24/05/2021 11:50,24/05/2021 16:50,112,106,20.8,31,30.1,70,1016.8,0,930
24/05/2021 11:40,24/05/2021 16:40,117,99,19,32.1,30.2,69,1016.9,0,713
24/05/2021 11:30,24/05/2021 16:30,116,116,21.4,33.3,29.8,71,1016.9,0,959
24/05/2021 11:20,24/05/2021 16:20,118,124,18.3,28.1,29.5,70,1016.9,0,507
24/05/2021 11:10,24/05/2021 16:10,105,105,20.8,29.2,29.9,68,1016.9,0,535
24/05/2021 11:00,24/05/2021 16:00,105,97,19.4,28.7,30.1,68,1017,0,807
24/05/2021 10:50,24/05/2021 15:50,114,112,17.8,26.9,29.2,69,1017,0,663
24/05/2021 10:40,24/05/2021 15:40,102,104,23.6,32.7,29.5,67,1017,0,428
24/05/2021 10:30,24/05/2021 15:30,108,117,18.8,29.2,30.7,64,1016.9,0,684
24/05/2021 10:20,24/05/2021 15:20,114,108,19,29.8,30.6,65,1016.9,0,881
24/05/2021 10:10,24/05/2021 15:10,119,108,18.8,31.6,30.6,65,1016.9,0,835
24/05/2021 10:00,24/05/2021 15:00,117,125,18.2,26.9,30.4,65,1016.8,0,760
24/05/2021 09:50,24/05/2021 14:50,118,116,18.2,29.8,30.2,65,1016.7,0,695
24/05/2021 09:40,24/05/2021 14:40,121,95,17.6,25.8,30,67,1016.5,0,755
24/05/2021 09:30,24/05/2021 14:30,110,104,18.6,31,29.7,68,1016.4,0,589
24/05/2021 09:20,24/05/2021 14:20,104,107,19.3,35,29.4,68,1016.4,0,561
24/05/2021 09:10,24/05/2021 14:10,111,101,20.5,30.4,29.6,65,1016.3,0,516
24/05/2021 09:00,24/05/2021 14:00,119,105,19.2,29.2,29.9,60,1016.3,0,488
24/05/2021 08:50,24/05/2021 13:50,122,118,16.3,29.2,29.4,63,1016.4,0,582
24/05/2021 08:40,24/05/2021 13:40,123,121,14.3,23.5,29.3,62,1016.4,0,276
24/05/2021 08:30,24/05/2021 13:30,121,108,15.3,24.6,29.4,61,1016.2,0,342
24/05/2021 08:20,24/05/2021 13:20,123,126,15.6,24.6,29.7,60,1016.1,0,450
24/05/2021 08:10,24/05/2021 13:10,128,121,13.8,21.8,29.4,62,1016,0,435
24/05/2021 08:00,24/05/2021 13:00,122,113,13.5,25.2,29,63,1016,0,376
24/05/2021 07:50,24/05/2021 12:50,123,129,14,20.6,28.6,64,1015.9,0,338
24/05/2021 07:40,24/05/2021 12:40,121,120,13.9,22.9,28.1,66,1015.7,0,297
24/05/2021 07:30,24/05/2021 12:30,117,110,12.4,19.5,27.3,69,1015.8,0,252
24/05/2021 07:20,24/05/2021 12:20,120,109,11.2,15.4,27,70,1015.7,0,130
24/05/2021 07:10,24/05/2021 12:10,125,111,10.9,15.4,26.8,70,1015.4,0,104
24/05/2021 07:00,24/05/2021 12:00,124,135,11.7,20.6,26.4,71,1015.3,0,108
24/05/2021 06:50,24/05/2021 11:50,121,118,11.5,17.2,26.2,72,1015.3,0,63
24/05/2021 06:40,24/05/2021 11:40,122,114,11.4,18.3,26,72,1015.1,0,51
24/05/2021 06:30,24/05/2021 11:30,121,119,10.7,16,25.9,72,1015,0,30
24/05/2021 06:20,24/05/2021 11:20,118,118,11.8,17.2,25.9,71,1014.9,0,11
24/05/2021 06:10,24/05/2021 11:10,117,115,12.9,20,25.8,71,1014.8,0,3
24/05/2021 06:00,24/05/2021 11:00,122,123,10.4,17.7,25.8,72,1014.6,0,0
24/05/2021 05:50,24/05/2021 10:50,123,121,10.1,14.3,26,70,1014.6,0,-2
24/05/2021 05:40,24/05/2021 10:40,122,117,11.9,19.5,26,70,1014.6,0,-2
24/05/2021 05:30,24/05/2021 10:30,124,117,10.3,17.2,26.1,69,1014.7,0,-2
24/05/2021 05:20,24/05/2021 10:20,126,113,12.1,19.5,26.1,69,1014.7,0,-2
24/05/2021 05:10,24/05/2021 10:10,122,112,12.9,18.3,26.2,69,1014.7,0,-2
24/05/2021 05:00,24/05/2021 10:00,126,96,12.1,17.2,26,70,1014.6,0,-2
24/05/2021 04:50,24/05/2021 09:50,124,128,12.3,24.6,26,73,1014.5,0,-2
24/05/2021 04:40,24/05/2021 09:40,122,114,10.2,17.7,26.1,73,1014.4,0,-2
24/05/2021 04:30,24/05/2021 09:30,130,117,10.3,16,26.2,71,1014.4,0,-2
24/05/2021 04:20,24/05/2021 09:20,129,122,11,16.6,26.1,71,1014.4,0,-2
24/05/2021 04:10,24/05/2021 09:10,126,127,11.2,17.2,26.1,71,1014.3,0,-2
24/05/2021 04:00,24/05/2021 09:00,130,121,10.8,18.9,26,71,1014.4,0,-2
24/05/2021 03:50,24/05/2021 08:50,125,125,8.9,17.2,25.9,72,1014.4,0,-2
24/05/2021 03:40,24/05/2021 08:40,124,114,9.6,14.9,26,73,1014.4,0,-2
24/05/2021 03:30,24/05/2021 08:30,130,118,9,14.9,26,72,1014.4,0,-2
24/05/2021 03:20,24/05/2021 08:20,133,126,9.8,17.2,26.1,73,1014.5,0,-2
24/05/2021 03:10,24/05/2021 08:10,132,130,9.4,16,26.1,72,1014.6,0,-2
24/05/2021 03:00,24/05/2021 08:00,133,133,9,14.3,26.1,73,1014.7,0,-2
24/05/2021 02:50,24/05/2021 07:50,127,130,9.7,16.6,26.4,71,1014.8,0,-2
24/05/2021 02:40,24/05/2021 07:40,130,109,11.2,22.3,26.4,70,1014.8,0,-2
24/05/2021 02:30,24/05/2021 07:30,130,125,11.1,18.3,26.4,70,1014.9,0,-2
24/05/2021 02:20,24/05/2021 07:20,128,124,10,16.6,26.3,71,1015.1,0,-2
24/05/2021 02:10,24/05/2021 07:10,131,133,10.7,17.7,26.4,71,1015.2,0,-2
24/05/2021 02:00,24/05/2021 07:00,129,121,11.2,20.6,26.5,74,1015.2,0,-2
24/05/2021 01:50,24/05/2021 06:50,131,130,11.5,19.5,26.5,74,1015.3,0,-2
24/05/2021 01:40,24/05/2021 06:40,132,121,12,21.2,26.5,75,1015.4,0,-2
24/05/2021 01:30,24/05/2021 06:30,131,141,10.3,18.3,26.5,77,1015.5,0,-2
24/05/2021 01:20,24/05/2021 06:20,133,153,11.3,18.3,26.5,76,1015.7,0,-1
24/05/2021 01:10,24/05/2021 06:10,135,142,11.4,17.7,26.5,78,1015.8,0,-2
24/05/2021 01:00,24/05/2021 06:00,136,153,9.3,14.9,26.5,77,1016,0,-2
24/05/2021 00:50,24/05/2021 05:50,136,132,9.7,16.6,26.5,77,1016.2,0,-2
24/05/2021 00:40,24/05/2021 05:40,136,142,7.9,13.7,26.7,76,1016.4,0,-2
24/05/2021 00:30,24/05/2021 05:30,134,135,9.4,15.4,26.7,75,1016.5,0,-2
24/05/2021 00:20,24/05/2021 05:20,141,143,10.4,19.5,26.7,76,1016.6,0,-2
24/05/2021 00:10,24/05/2021 05:10,135,118,10.7,18.9,26.6,77,1016.5,0,-2
24/05/2021 00:00,24/05/2021 05:00,136,119,9.4,15.4,26.6,77,1016.5,0,-2
23/05/2021 23:50,24/05/2021 04:50,133,115,8.5,14.9,26.8,76,1016.5,0,-2
23/05/2021 23:40,24/05/2021 04:40,137,163,11.1,21.2,26.8,76,1016.6,0,-2
23/05/2021 23:30,24/05/2021 04:30,136,144,10.7,16,26.8,77,1016.7,0,-1
23/05/2021 23:20,24/05/2021 04:20,141,144,10.6,21.8,27,76,1016.7,0,-1
23/05/2021 23:10,24/05/2021 04:10,135,149,11.6,17.2,27,76,1016.7,0,-2
23/05/2021 23:00,24/05/2021 04:00,139,142,12.2,21.8,27,75,1016.6,0,-1
23/05/2021 22:50,24/05/2021 03:50,137,127,12.7,21.2,27,75,1016.6,0,-1
23/05/2021 22:40,24/05/2021 03:40,140,139,12.4,22.3,27,76,1016.5,0,-1
23/05/2021 22:30,24/05/2021 03:30,131,122,11.5,18.9,26.9,76,1016.4,0,-1
23/05/2021 22:20,24/05/2021 03:20,131,125,13,20,26.9,75,1016.4,0,-1
23/05/2021 22:10,24/05/2021 03:10,132,139,11.7,20,26.9,75,1016.3,0,-2
23/05/2021 22:00,24/05/2021 03:00,133,119,12.5,22.9,27.1,76,1016.2,0,-2
23/05/2021 21:50,24/05/2021 02:50,129,121,14.3,24.1,27.1,74,1016.1,0,-2
23/05/2021 21:40,24/05/2021 02:40,128,119,15,26.9,27,75,1016.1,0,-2
23/05/2021 21:30,24/05/2021 02:30,124,117,15.1,22.9,27.1,76,1016,0,-2
23/05/2021 21:20,24/05/2021 02:20,120,103,17.8,24.6,27.2,75,1016,0,-2
23/05/2021 21:10,24/05/2021 02:10,123,121,15.4,24.6,27.2,74,1015.9,0,-2
23/05/2021 21:00,24/05/2021 02:00,126,125,16.2,25.8,27.3,75,1015.8,0,-2
23/05/2021 20:50,24/05/2021 01:50,123,105,16.7,25.2,27.3,76,1015.7,0,-1
23/05/2021 20:40,24/05/2021 01:40,123,116,13.6,24.6,27.3,76,1015.6,0,-1
23/05/2021 20:30,24/05/2021 01:30,124,120,16.6,29.8,27.2,78,1015.4,0,-1
23/05/2021 20:20,24/05/2021 01:20,124,126,14.5,21.8,27.1,79,1015.3,0,-1
23/05/2021 20:10,24/05/2021 01:10,131,115,12,22.9,27,79,1015.3,0,-2
23/05/2021 20:00,24/05/2021 01:00,128,112,11.5,19.5,27,80,1015.2,0,-2
23/05/2021 19:50,24/05/2021 00:50,126,132,12.9,20,27.1,79,1015,0,-2
23/05/2021 19:40,24/05/2021 00:40,122,117,14.4,24.1,27.2,79,1014.8,0,-1
23/05/2021 19:30,24/05/2021 00:30,123,106,14.2,24.6,27.2,78,1014.7,0,0
23/05/2021 19:20,24/05/2021 00:20,126,125,14.9,26.4,27.2,79,1014.6,0,4
23/05/2021 19:10,24/05/2021 00:10,124,113,17.5,27.5,27.1,80,1014.5,0,14
23/05/2021 19:00,24/05/2021 00:00,132,126,12.7,24.1,27.1,82,1014.4,0,22
23/05/2021 18:50,23/05/2021 23:50,141,163,9.7,16.6,27.3,81,1014.4,0,19
23/05/2021 18:40,23/05/2021 23:40,144,158,12.3,21.2,27.6,78,1014.3,0,19
23/05/2021 18:30,23/05/2021 23:30,117,121,17.4,27.5,28,76,1014.2,0,61
23/05/2021 18:20,23/05/2021 23:20,118,118,16.8,27.5,28.4,74,1014.1,0,96
23/05/2021 18:10,23/05/2021 23:10,118,118,16.1,29.8,28.3,75,1014,0,212
23/05/2021 18:00,23/05/2021 23:00,122,112,15.3,25.8,28.1,75,1014,0,152
23/05/2021 17:50,23/05/2021 22:50,125,118,16.6,28.7,28.2,75,1014,0,183
23/05/2021 17:40,23/05/2021 22:40,124,112,15.3,26.4,28.7,73,1014.1,0,85
23/05/2021 17:30,23/05/2021 22:30,128,134,15.7,26.4,29.8,68,1014.1,0,205
23/05/2021 17:20,23/05/2021 22:20,132,129,16,23.5,29.9,66,1014,0,422
23/05/2021 17:10,23/05/2021 22:10,133,102,15.9,27.5,29.6,67,1014,0,461
23/05/2021 17:00,23/05/2021 22:00,128,115,16,26.9,29.2,70,1014,0,381
23/05/2021 16:50,23/05/2021 21:50,125,121,17.8,29.2,28.8,73,1014,0,397
23/05/2021 16:40,23/05/2021 21:40,119,127,18.7,30.4,28.8,73,1014.1,0,210
23/05/2021 16:30,23/05/2021 21:30,122,122,18.4,30.4,28.9,73,1014.1,0,318
23/05/2021 16:20,23/05/2021 21:20,118,113,20.1,34.4,29,73,1014.2,0,252
23/05/2021 16:10,23/05/2021 21:10,122,116,19.2,29.8,28.9,73,1014.3,0,550
23/05/2021 16:00,23/05/2021 21:00,125,118,18.3,28.7,28.7,73,1014.4,0,312
23/05/2021 15:50,23/05/2021 20:50,124,117,18.4,30.4,30.5,67,1014.4,0,284
23/05/2021 15:40,23/05/2021 20:40,123,109,16.7,28.1,30.5,67,1014.5,0,648
23/05/2021 15:30,23/05/2021 20:30,126,118,19.7,32.7,30.3,68,1014.5,0,354
23/05/2021 15:20,23/05/2021 20:20,126,118,18.5,30.4,29.3,74,1014.6,0,289
23/05/2021 15:10,23/05/2021 20:10,119,114,21.8,33.3,29.7,71,1014.5,0,211
23/05/2021 15:00,23/05/2021 20:00,121,101,17.4,27.5,31.4,62,1014.6,0,355
23/05/2021 14:50,23/05/2021 19:50,125,108,17.2,29.2,31.5,62,1014.8,0,763
23/05/2021 14:40,23/05/2021 19:40,126,102,17.3,31,31.3,62,1015,0,762
23/05/2021 14:30,23/05/2021 19:30,133,119,16.7,30.4,31.5,61,1015.1,0,703
23/05/2021 14:20,23/05/2021 19:20,124,109,16.6,27.5,31.4,61,1015.2,0,712
23/05/2021 14:10,23/05/2021 19:10,121,99,18.3,29.8,31.4,62,1015.3,0,813
23/05/2021 14:00,23/05/2021 19:00,123,106,17.3,31,31.1,64,1015.5,0,760
23/05/2021 13:50,23/05/2021 18:50,121,119,19.4,27.5,30.9,65,1015.6,0,604
23/05/2021 13:40,23/05/2021 18:40,119,110,19,29.2,30.6,65,1015.6,0,512
23/05/2021 13:30,23/05/2021 18:30,123,121,17.9,31.6,31,65,1015.7,0,604
23/05/2021 13:20,23/05/2021 18:20,120,109,19.3,29.8,31,63,1015.9,0,846
23/05/2021 13:10,23/05/2021 18:10,121,119,18.2,31,31.5,63,1015.9,0,870
23/05/2021 13:00,23/05/2021 18:00,123,117,14.9,26.4,31.1,64,1016.1,0,988
23/05/2021 12:50,23/05/2021 17:50,117,107,17.3,28.1,30.9,65,1016.1,0,840
23/05/2021 12:40,23/05/2021 17:40,118,114,18.5,31.6,31,64,1016.2,0,824
23/05/2021 12:30,23/05/2021 17:30,125,104,17,25.2,31.1,63,1016.4,0,1057
23/05/2021 12:20,23/05/2021 17:20,126,110,17.5,29.2,31,63,1016.6,0,1080
23/05/2021 12:10,23/05/2021 17:10,121,118,19.3,29.8,30.9,64,1016.7,0,973
23/05/2021 12:00,23/05/2021 17:00,118,109,20.2,35,30.9,64,1016.7,0,995
23/05/2021 11:50,23/05/2021 16:50,118,112,20.1,29.8,30.8,64,1016.7,0,1053
23/05/2021 11:40,23/05/2021 16:40,118,123,19.1,29.2,31,65,1016.7,0,1022
23/05/2021 11:30,23/05/2021 16:30,123,105,16.5,27.5,31.1,65,1016.8,0,970
23/05/2021 11:20,23/05/2021 16:20,123,117,17.2,27.5,30.9,65,1017,0,923
23/05/2021 11:10,23/05/2021 16:10,124,107,18.6,31,30.5,66,1016.9,0,954
23/05/2021 11:00,23/05/2021 16:00,124,110,18,27.5,30.6,66,1016.9,0,683
23/05/2021 10:50,23/05/2021 15:50,124,107,18.7,33.9,30.9,66,1016.9,0,951
23/05/2021 10:40,23/05/2021 15:40,114,103,18.1,29.8,30.7,66,1016.9,0,845
23/05/2021 10:30,23/05/2021 15:30,119,121,19.3,29.8,30.3,67,1016.9,0,877
23/05/2021 10:20,23/05/2021 15:20,123,119,17.5,28.1,30.4,68,1016.9,0,658
23/05/2021 10:10,23/05/2021 15:10,112,100,18.9,28.1,30.3,66,1016.9,0,746
23/05/2021 10:00,23/05/2021 15:00,117,119,18.8,28.1,30.5,64,1016.9,0,764
23/05/2021 09:50,23/05/2021 14:50,113,104,15.8,28.7,30.4,66,1016.8,0,731
23/05/2021 09:40,23/05/2021 14:40,111,110,18.5,28.7,29.9,70,1016.9,0,645
23/05/2021 09:30,23/05/2021 14:30,109,114,19.1,30.4,29.6,72,1016.9,0,533
23/05/2021 09:20,23/05/2021 14:20,107,121,20,29.8,29.5,72,1016.9,0,626
23/05/2021 09:10,23/05/2021 14:10,110,114,17.1,26.9,29,75,1016.9,0,518
23/05/2021 09:00,23/05/2021 14:00,118,123,16.1,24.6,28.9,72,1016.9,0,315
23/05/2021 08:50,23/05/2021 13:50,116,117,18,26.4,28.6,74,1016.8,0,363
23/05/2021 08:40,23/05/2021 13:40,116,125,15.8,22.9,28.4,75,1016.8,0,281
23/05/2021 08:30,23/05/2021 13:30,118,119,18.6,29.2,28.7,74,1016.7,0,281
23/05/2021 08:20,23/05/2021 13:20,112,109,15.8,26.4,28.3,78,1016.6,0,407
23/05/2021 08:10,23/05/2021 13:10,110,101,18.9,28.7,28.3,78,1016.5,0,201
23/05/2021 08:00,23/05/2021 13:00,108,105,18.8,29.2,28.4,78,1016.5,0,353
23/05/2021 07:50,23/05/2021 12:50,107,120,18.9,29.2,27.8,81,1016.5,0,344
23/05/2021 07:40,23/05/2021 12:40,104,103,18.1,24.6,27.3,82,1016.4,0,223
23/05/2021 07:30,23/05/2021 12:30,105,105,19.6,28.7,27.2,81,1016.3,0,111
23/05/2021 07:20,23/05/2021 12:20,111,102,18.1,25.2,27.1,77,1016.1,0,72
23/05/2021 07:10,23/05/2021 12:10,114,113,17.6,26.9,27.1,75,1015.8,0,80
23/05/2021 07:00,23/05/2021 12:00,110,116,17.6,26.4,27.2,74,1015.8,0,72
23/05/2021 06:50,23/05/2021 11:50,115,108,15.2,29.2,27,74,1015.8,0,100
23/05/2021 06:40,23/05/2021 11:40,119,117,14.3,22.3,26.7,73,1015.7,0,58
23/05/2021 06:30,23/05/2021 11:30,120,119,14.4,21.8,26.5,73,1015.6,0,31
23/05/2021 06:20,23/05/2021 11:20,120,119,14.9,21.8,26.4,74,1015.6,0,11
23/05/2021 06:10,23/05/2021 11:10,123,111,14.8,23.5,26.4,73,1015.6,0,2
23/05/2021 06:00,23/05/2021 11:00,121,123,14.8,25.2,26.5,72,1015.7,0,0
23/05/2021 05:50,23/05/2021 10:50,122,116,15.5,27.5,26.4,73,1015.5,0,-1
23/05/2021 05:40,23/05/2021 10:40,123,123,14.3,25.2,26.4,74,1015.3,0,-2
23/05/2021 05:30,23/05/2021 10:30,122,121,15.4,26.9,26.5,73,1015.3,0,-2
23/05/2021 05:20,23/05/2021 10:20,123,117,16.4,27.5,26.4,74,1015.2,0,-2
23/05/2021 05:10,23/05/2021 10:10,122,112,14,25.2,26.4,75,1015.1,0,-2
23/05/2021 05:00,23/05/2021 10:00,119,120,14.3,24.1,26.4,75,1015.1,0,-2
23/05/2021 04:50,23/05/2021 09:50,119,107,15,25.8,26.4,77,1014.9,0,-1
23/05/2021 04:40,23/05/2021 09:40,115,113,17.9,29.2,26.4,77,1014.8,0,-1
23/05/2021 04:30,23/05/2021 09:30,119,122,16.3,29.8,26.3,79,1014.7,0,-2
23/05/2021 04:20,23/05/2021 09:20,114,116,17.4,24.6,26.4,79,1014.7,0,-1
23/05/2021 04:10,23/05/2021 09:10,114,103,16.1,28.7,26.4,79,1014.7,0,-2
23/05/2021 04:00,23/05/2021 09:00,115,107,17.6,26.4,26.4,79,1014.8,0,-2
23/05/2021 03:50,23/05/2021 08:50,114,126,16.6,24.6,26.4,81,1014.9,0,-1
23/05/2021 03:40,23/05/2021 08:40,117,105,15.9,29.2,26.2,82,1015,0,-1
23/05/2021 03:30,23/05/2021 08:30,114,105,13,20.6,26.1,83,1015,0,-1
23/05/2021 03:20,23/05/2021 08:20,114,112,12.9,19.5,26.1,82,1014.9,0,-2
23/05/2021 03:10,23/05/2021 08:10,109,96,14.7,21.8,26.2,82,1014.9,0,-2
23/05/2021 03:00,23/05/2021 08:00,109,113,15.6,24.6,26.2,82,1014.9,0,-2
23/05/2021 02:50,23/05/2021 07:50,110,109,14.7,23.5,26.2,81,1015,0,-2
23/05/2021 02:40,23/05/2021 07:40,112,107,15.6,22.9,26.2,82,1015.1,0,-2
23/05/2021 02:30,23/05/2021 07:30,110,112,16.5,23.5,26.2,84,1015.1,0,-2
23/05/2021 02:20,23/05/2021 07:20,110,104,15.6,24.1,26.2,84,1015.2,0,-2
23/05/2021 02:10,23/05/2021 07:10,112,118,14.5,23.5,26.2,83,1015.3,0,-2
23/05/2021 02:00,23/05/2021 07:00,112,119,14.2,20.6,26.3,83,1015.4,0,-2
23/05/2021 01:50,23/05/2021 06:50,113,109,15,26.4,26.4,82,1015.5,0,-2
23/05/2021 01:40,23/05/2021 06:40,112,119,15.5,23.5,26.5,82,1015.7,0,-2
23/05/2021 01:30,23/05/2021 06:30,112,106,16.3,25.8,26.5,82,1015.8,0,-2
23/05/2021 01:20,23/05/2021 06:20,111,113,15.7,24.6,26.5,83,1015.9,0,-2
23/05/2021 01:10,23/05/2021 06:10,114,97,17.1,24.1,26.5,82,1016,0,-1
23/05/2021 01:00,23/05/2021 06:00,114,113,16.1,26.4,26.4,84,1016.1,0,-2
23/05/2021 00:50,23/05/2021 05:50,116,120,12.1,20,26.5,83,1016.1,0,-2
23/05/2021 00:40,23/05/2021 05:40,111,110,16.2,24.6,26.6,81,1016,0,-2
23/05/2021 00:30,23/05/2021 05:30,113,113,15.7,22.3,26.6,79,1016.1,0,-2
23/05/2021 00:20,23/05/2021 05:20,116,120,18.5,30.4,26.7,79,1016.3,0,-2
23/05/2021 00:10,23/05/2021 05:10,114,132,18.4,32.1,26.8,80,1016.4,0,-2
23/05/2021 00:00,23/05/2021 05:00,114,118,18.5,28.7,26.8,79,1016.5,0,-2
22/05/2021 23:50,23/05/2021 04:50,117,116,17,26.4,26.8,79,1016.6,0,-2
22/05/2021 23:40,23/05/2021 04:40,114,111,19.2,31.6,26.8,79,1016.7,0,-2
22/05/2021 23:30,23/05/2021 04:30,117,114,17.8,27.5,26.8,80,1016.8,0,-2
22/05/2021 23:20,23/05/2021 04:20,118,116,17.1,28.1,26.8,80,1016.8,0,-2
22/05/2021 23:10,23/05/2021 04:10,118,115,16.7,26.4,26.8,79,1016.7,0,-2
22/05/2021 23:00,23/05/2021 04:00,121,116,17.5,26.4,26.8,79,1016.7,0,-2
22/05/2021 22:50,23/05/2021 03:50,117,124,18,27.5,26.7,80,1016.6,0,-2
22/05/2021 22:40,23/05/2021 03:40,118,102,16.1,25.8,26.7,81,1016.5,0,-2
22/05/2021 22:30,23/05/2021 03:30,119,118,16.4,25.8,26.8,81,1016.4,0,-2
22/05/2021 22:20,23/05/2021 03:20,113,116,18.7,29.8,26.7,81,1016.3,0,-2
22/05/2021 22:10,23/05/2021 03:10,118,121,15.1,26.4,26.8,80,1016.2,0,-2
22/05/2021 22:00,23/05/2021 03:00,118,118,18.3,28.1,26.8,79,1016.1,0,-2
22/05/2021 21:50,23/05/2021 02:50,119,98,16.9,25.8,26.8,80,1016,0,-2
22/05/2021 21:40,23/05/2021 02:40,117,109,17.6,27.5,26.8,81,1016,0,-2
22/05/2021 21:30,23/05/2021 02:30,119,117,17.1,28.7,26.9,80,1016,0,-2
22/05/2021 21:20,23/05/2021 02:20,117,118,18.4,26.9,27,80,1015.8,0,-1
22/05/2021 21:10,23/05/2021 02:10,116,115,17.8,28.1,27,79,1015.8,0,-1
22/05/2021 21:00,23/05/2021 02:00,117,110,18,31,26.9,80,1015.7,0,-1
22/05/2021 20:50,23/05/2021 01:50,122,127,15.1,23.5,26.9,79,1015.6,0,-1
22/05/2021 20:40,23/05/2021 01:40,124,121,16.6,26.4,26.9,79,1015.5,0,-2
22/05/2021 20:30,23/05/2021 01:30,123,118,18.1,29.8,26.8,80,1015.4,0,-1
22/05/2021 20:20,23/05/2021 01:20,124,115,15.6,25.2,26.8,83,1015.3,0,-2
22/05/2021 20:10,23/05/2021 01:10,123,118,16,27.5,26.9,83,1015.1,0,-1
22/05/2021 20:00,23/05/2021 01:00,120,109,17.8,31.6,26.9,84,1015,0,-2
22/05/2021 19:50,23/05/2021 00:50,118,120,19.4,28.1,26.9,83,1014.9,0,-2
22/05/2021 19:40,23/05/2021 00:40,116,117,19.9,32.1,26.9,86,1014.9,0,-1
22/05/2021 19:30,23/05/2021 00:30,123,106,13.9,24.6,26.8,88,1014.8,0,0
22/05/2021 19:20,23/05/2021 00:20,126,115,12.1,20,26.7,90,1014.7,0,3
22/05/2021 19:10,23/05/2021 00:10,126,136,11.6,21.8,26.5,95,1014.6,0,8
22/05/2021 19:00,23/05/2021 00:00,122,114,11.3,24.6,26.5,97,1014.4,0,18
22/05/2021 18:50,22/05/2021 23:50,119,121,7.4,14.9,26.5,96,1014.3,0,26
22/05/2021 18:40,22/05/2021 23:40,114,119,11.7,19.5,26.7,94,1014.4,0,37
22/05/2021 18:30,22/05/2021 23:30,133,150,10.2,20.6,27,93,1014.3,0,43
22/05/2021 18:20,22/05/2021 23:20,123,111,10.4,17.2,27.2,92,1014.2,0,55
22/05/2021 18:10,22/05/2021 23:10,120,137,10.9,18.9,27.2,92,1014.2,0,89
22/05/2021 18:00,22/05/2021 23:00,129,146,11.1,17.7,27.2,92,1014.2,0,94
22/05/2021 17:50,22/05/2021 22:50,130,127,9.7,17.7,27.3,92,1014.3,0,114
22/05/2021 17:40,22/05/2021 22:40,128,119,10,17.2,27.3,92,1014.3,0,128
22/05/2021 17:30,22/05/2021 22:30,125,113,10.4,19.5,27.3,91,1014.4,0,146
22/05/2021 17:20,22/05/2021 22:20,134,134,8.9,15.4,27.2,91,1014.5,0,142
22/05/2021 17:10,22/05/2021 22:10,130,119,10.6,17.2,27.2,91,1014.5,0,135
22/05/2021 17:00,22/05/2021 22:00,137,130,12,18.9,27.1,90,1014.5,0,144
22/05/2021 16:50,22/05/2021 21:50,142,149,13,20,27.1,89,1014.6,0,158
22/05/2021 16:40,22/05/2021 21:40,135,162,14.6,21.8,27,90,1014.6,0,180
22/05/2021 16:30,22/05/2021 21:30,142,148,12.8,26.4,26.9,92,1014.6,0,181
22/05/2021 16:20,22/05/2021 21:20,133,153,12.4,20,26.8,95,1014.6,0,174
22/05/2021 16:10,22/05/2021 21:10,137,152,12.4,23.5,26.7,97,1014.7,0,197
22/05/2021 16:00,22/05/2021 21:00,135,132,14.7,23.5,26.7,96,1014.7,0,201
22/05/2021 15:50,22/05/2021 20:50,130,114,16.4,26.9,26.7,95,1014.8,0,176
22/05/2021 15:40,22/05/2021 20:40,123,111,16.5,30.4,26.9,94,1014.7,0,184
22/05/2021 15:30,22/05/2021 20:30,127,122,17.4,30.4,27,93,1014.5,0,237
22/05/2021 15:20,22/05/2021 20:20,124,117,18.7,31,26.9,93,1014.5,0,267
22/05/2021 15:10,22/05/2021 20:10,128,125,17,26.4,27,93,1014.6,0,258
22/05/2021 15:00,22/05/2021 20:00,130,120,15.4,24.6,27.1,94,1014.8,0,259
22/05/2021 14:50,22/05/2021 19:50,126,128,16.6,26.4,27.1,95,1014.9,0,285
22/05/2021 14:40,22/05/2021 19:40,127,112,17.3,28.1,26.9,96,1015.1,0,312
22/05/2021 14:30,22/05/2021 19:30,131,130,15.4,25.2,26.7,99,1015.2,0,286
22/05/2021 14:20,22/05/2021 19:20,129,116,17.9,30.4,26.6,100,1015.4,0,274
22/05/2021 14:10,22/05/2021 19:10,126,110,16.8,32.1,26.5,100,1015.5,0,267
22/05/2021 14:00,22/05/2021 19:00,125,120,19.8,31,26.2,100,1015.6,0,312
22/05/2021 13:50,22/05/2021 18:50,126,121,19.9,29.8,26,100,1015.8,0,305
22/05/2021 13:40,22/05/2021 18:40,130,143,14.5,26.9,25.8,100,1015.9,0,314
22/05/2021 13:30,22/05/2021 18:30,132,138,16.6,27.5,25.3,100,1016,0,413
22/05/2021 13:20,22/05/2021 18:20,137,120,16.2,29.2,24.8,100,1016.2,0.25,265
22/05/2021 13:10,22/05/2021 18:10,140,118,17.5,31,24.6,100,1016.3,0.25,164
22/05/2021 13:00,22/05/2021 18:00,126,128,16,28.1,24.7,100,1016.4,1.27,104
22/05/2021 12:50,22/05/2021 17:50,129,116,13,28.7,24.8,100,1016.4,1.52,83
22/05/2021 12:40,22/05/2021 17:40,132,137,10.1,15.4,24.7,100,1016.5,0.25,82
22/05/2021 12:30,22/05/2021 17:30,131,136,11.3,23.5,24.5,100,1016.6,0.51,33
22/05/2021 12:20,22/05/2021 17:20,125,119,15.1,23.5,24.5,100,1016.7,0.25,52
22/05/2021 12:10,22/05/2021 17:10,116,113,16.6,35,24.5,100,1016.8,0.51,47
22/05/2021 12:00,22/05/2021 17:00,118,119,23.5,39.6,25.2,100,1016.7,2.79,51
22/05/2021 11:50,22/05/2021 16:50,113,110,19.9,31,26.3,100,1016.6,0.51,101
22/05/2021 11:40,22/05/2021 16:40,110,129,19.1,29.2,27.5,98,1016.4,0,209
22/05/2021 11:30,22/05/2021 16:30,121,110,19,31.6,27.9,100,1016.4,0,782
22/05/2021 11:20,22/05/2021 16:20,120,118,18.6,26.4,26.7,100,1016.6,0,863
22/05/2021 11:10,22/05/2021 16:10,119,114,17.8,32.7,25.9,100,1016.7,0,378
22/05/2021 11:00,22/05/2021 16:00,128,103,16.4,29.2,25.4,100,1016.8,0,297
22/05/2021 10:50,22/05/2021 15:50,137,154,15.9,25.2,25.2,100,1016.8,0,267
22/05/2021 10:40,22/05/2021 15:40,127,120,18.4,28.7,25.6,99,1016.9,1.52,172
22/05/2021 10:30,22/05/2021 15:30,125,125,20.3,33.3,27,94,1016.7,0.76,91
22/05/2021 10:20,22/05/2021 15:20,127,118,17,25.8,27.6,91,1016.7,0,195
22/05/2021 10:10,22/05/2021 15:10,130,134,18,29.2,27.9,89,1016.6,0,280
22/05/2021 10:00,22/05/2021 15:00,130,116,19.2,32.7,28,90,1016.6,0,433
22/05/2021 09:50,22/05/2021 14:50,129,116,17.9,32.1,28,94,1016.6,0,440
22/05/2021 09:40,22/05/2021 14:40,122,117,20.2,34.4,27.5,98,1016.5,0,498
22/05/2021 09:30,22/05/2021 14:30,122,109,18.4,28.7,27.2,100,1016.5,0,361
22/05/2021 09:20,22/05/2021 14:20,120,120,21.6,33.9,26.9,100,1016.4,0,417
22/05/2021 09:10,22/05/2021 14:10,120,106,17.9,29.8,26.8,100,1016.3,0,326
22/05/2021 09:00,22/05/2021 14:00,118,118,18.4,28.7,26.1,100,1016.3,0,381
22/05/2021 08:50,22/05/2021 13:50,116,103,21.5,36.7,25.6,100,1016.2,0,232
22/05/2021 08:40,22/05/2021 13:40,111,112,21.3,35,25.6,100,1016.1,0,135
22/05/2021 08:30,22/05/2021 13:30,112,117,20.4,33.3,25.3,100,1016.2,0,106
22/05/2021 08:20,22/05/2021 13:20,114,108,20.9,34.4,25.1,100,1016.3,0,108
22/05/2021 08:10,22/05/2021 13:10,110,104,21.9,35,25,100,1016.4,0,63
22/05/2021 08:00,22/05/2021 13:00,102,111,22.4,31.6,24.9,100,1016.1,0,49
22/05/2021 07:50,22/05/2021 12:50,89,80,25,42.5,24.6,100,1015.8,1.52,22
22/05/2021 07:40,22/05/2021 12:40,94,105,21.9,39.6,24.5,100,1015.8,3.05,10
22/05/2021 07:30,22/05/2021 12:30,93,99,22.4,31.6,24.4,100,1015.9,3.05,12
22/05/2021 07:20,22/05/2021 12:20,90,101,22.6,35,24.8,100,1015.7,2.29,11
22/05/2021 07:10,22/05/2021 12:10,98,88,19.1,26.9,24.9,100,1015.7,0,17
22/05/2021 07:00,22/05/2021 12:00,110,102,19.1,29.8,25,100,1015.4,0,17
22/05/2021 06:50,22/05/2021 11:50,106,107,21.1,33.9,25.8,100,1015.2,0.51,9
22/05/2021 06:40,22/05/2021 11:40,107,121,12.5,22.9,26.3,100,1015.1,0,9
22/05/2021 06:30,22/05/2021 11:30,123,118,4.8,8.5,26.2,100,1014.8,0,12
22/05/2021 06:20,22/05/2021 11:20,126,128,4.9,10.2,26.2,100,1014.7,0,3
22/05/2021 06:10,22/05/2021 11:10,131,122,3.5,6.2,26.3,100,1014.6,0,0
22/05/2021 06:00,22/05/2021 11:00,132,126,3.4,6.2,26.4,100,1014.5,0,-1
22/05/2021 05:50,22/05/2021 10:50,132,139,4.6,10.2,26.5,100,1014.6,0,-1
22/05/2021 05:40,22/05/2021 10:40,126,118,5.8,14.3,26.5,100,1014.7,0,-1
22/05/2021 05:30,22/05/2021 10:30,124,118,6.8,17.2,26.4,100,1014.7,0,-1
22/05/2021 05:20,22/05/2021 10:20,132,151,4.1,10.2,26.3,100,1014.6,0,-1
22/05/2021 05:10,22/05/2021 10:10,132,129,5,9.7,26.4,100,1014.4,0,-1
22/05/2021 05:00,22/05/2021 10:00,130,111,8.6,17.2,26.4,100,1014.3,0,-1
22/05/2021 04:50,22/05/2021 09:50,128,120,7.5,16.6,26.4,100,1014.3,0,-1
22/05/2021 04:40,22/05/2021 09:40,130,132,7.9,17.2,26.4,100,1014.4,0,-1
22/05/2021 04:30,22/05/2021 09:30,129,120,8.1,16,26.4,100,1014.4,0,-1
22/05/2021 04:20,22/05/2021 09:20,130,124,9.4,19.5,26.5,100,1014.3,0,-1
22/05/2021 04:10,22/05/2021 09:10,129,117,10.3,19.5,26.5,100,1014.1,0,-1
22/05/2021 04:00,22/05/2021 09:00,128,132,9.7,18.9,26.5,100,1014.1,0,-1
22/05/2021 03:50,22/05/2021 08:50,123,111,9.1,17.2,26.5,100,1014.1,0,-1
22/05/2021 03:40,22/05/2021 08:40,130,112,7.9,15.4,26.5,100,1014.1,0,0
22/05/2021 03:30,22/05/2021 08:30,130,113,9.8,20.6,26.5,100,1014.1,0,0
22/05/2021 03:20,22/05/2021 08:20,127,125,10.3,22.9,26.4,100,1014.1,0,0
22/05/2021 03:10,22/05/2021 08:10,129,124,9.6,16.6,26.3,100,1014.2,0,0
22/05/2021 03:00,22/05/2021 08:00,126,124,11.1,23.5,26.4,100,1014.1,0,-1
22/05/2021 02:50,22/05/2021 07:50,127,131,11.1,20.6,26.7,100,1014.1,0.25,-1
22/05/2021 02:40,22/05/2021 07:40,123,108,12.6,22.9,26.6,100,1014.2,0,0
22/05/2021 02:30,22/05/2021 07:30,124,112,11.6,26.9,26.6,100,1014.3,0,-1
22/05/2021 02:20,22/05/2021 07:20,125,114,11.5,18.9,26.7,100,1014.4,0,0
22/05/2021 02:10,22/05/2021 07:10,122,129,10.8,19.5,26.7,100,1014.5,0,0
22/05/2021 02:00,22/05/2021 07:00,127,119,12,22.9,26.6,100,1014.6,0,0
22/05/2021 01:50,22/05/2021 06:50,129,123,10.7,19.5,26.6,100,1014.7,0,0
22/05/2021 01:40,22/05/2021 06:40,124,130,12.5,21.8,26.5,100,1014.8,0,0
22/05/2021 01:30,22/05/2021 06:30,124,124,11.2,19.5,26.2,100,1015,0,1
22/05/2021 01:20,22/05/2021 06:20,131,112,6.8,15.4,26,100,1015,0,0
22/05/2021 01:10,22/05/2021 06:10,134,127,7.5,15.4,26,100,1015,0,-1
22/05/2021 01:00,22/05/2021 06:00,133,131,8.2,14.3,25.9,100,1015.1,0,0
22/05/2021 00:50,22/05/2021 05:50,130,143,8.4,14.3,25.9,100,1015.2,0,0
22/05/2021 00:40,22/05/2021 05:40,129,140,10.5,17.7,26,100,1015.3,0,0
22/05/2021 00:30,22/05/2021 05:30,136,134,9.7,15.4,26,100,1015.4,0,0
22/05/2021 00:20,22/05/2021 05:20,130,120,11.6,20.6,25.9,100,1015.3,0,1
22/05/2021 00:10,22/05/2021 05:10,126,115,13.5,25.2,25.8,100,1015.2,0,1
22/05/2021 00:00,22/05/2021 05:00,118,115,17.4,29.8,25.8,100,1015,0,1
21/05/2021 23:50,22/05/2021 04:50,115,116,18.2,33.9,25.9,100,1015,0,1
21/05/2021 23:40,22/05/2021 04:40,113,117,14.5,22.9,25.7,100,1015,0,0
21/05/2021 23:30,22/05/2021 04:30,106,101,13.1,18.9,25.5,100,1015.1,0,0
21/05/2021 23:20,22/05/2021 04:20,108,108,13.8,20.6,25.3,100,1015.3,0,0
21/05/2021 23:10,22/05/2021 04:10,105,111,14,22.3,25.1,100,1015.4,0,0
21/05/2021 23:00,22/05/2021 04:00,105,107,15.8,23.5,24.7,100,1015.6,0,0
21/05/2021 22:50,22/05/2021 03:50,92,96,9.6,17.2,24.3,100,1015.8,0,0
21/05/2021 22:40,22/05/2021 03:40,79,69,7.2,9.1,24.2,100,1015.8,0,0
21/05/2021 22:30,22/05/2021 03:30,72,74,5.4,7.9,24.1,100,1015.9,0,0
21/05/2021 22:20,22/05/2021 03:20,65,68,1.9,4.5,23.9,100,1016.2,0,0
21/05/2021 22:10,22/05/2021 03:10,42,44,1.8,3.9,23.9,100,1016.3,0,0
21/05/2021 22:00,22/05/2021 03:00,53,47,4.4,6.2,23.9,100,1016.4,0,-1
21/05/2021 21:50,22/05/2021 02:50,135,182,2.2,5.1,23.8,100,1016.5,0,-1
21/05/2021 21:40,22/05/2021 02:40,225,179,2.7,5.6,23.9,100,1016.4,0,-1
21/05/2021 21:30,22/05/2021 02:30,107,104,3.5,6.8,23.9,100,1016.4,0.25,-1
21/05/2021 21:20,22/05/2021 02:20,236,250,2.8,5.1,24,100,1016,0.51,0
21/05/2021 21:10,22/05/2021 02:10,227,201,3.3,6.2,23.9,100,1015.9,0.25,-1
21/05/2021 21:00,22/05/2021 02:00,215,222,5.7,10.2,23.9,100,1015.9,0,-1
21/05/2021 20:50,22/05/2021 01:50,181,169,3.4,6.2,23.9,100,1016.1,0.51,0
21/05/2021 20:40,22/05/2021 01:40,183,227,5.6,10.8,23.9,100,1016,0.25,0
21/05/2021 20:30,22/05/2021 01:30,232,235,9,13.7,24,100,1015.8,0.76,-1
21/05/2021 20:20,22/05/2021 01:20,230,260,9.5,16.6,24.3,100,1015.8,1.27,0
21/05/2021 20:10,22/05/2021 01:10,222,234,10.8,18.9,24.7,100,1015.7,0,0
21/05/2021 20:00,22/05/2021 01:00,228,198,8.7,14.9,24.9,97,1015.6,0.76,-1
21/05/2021 19:50,22/05/2021 00:50,217,218,7.9,14.3,25,93,1015.4,0,-1
21/05/2021 19:40,22/05/2021 00:40,211,224,8,15.4,25.1,92,1015.3,0,-1
21/05/2021 19:30,22/05/2021 00:30,199,191,12.3,20,25.4,91,1015.2,0,-1
21/05/2021 19:20,22/05/2021 00:20,186,184,13.2,21.2,26,88,1015.1,0,-3
21/05/2021 19:10,22/05/2021 00:10,183,193,15.5,24.6,27.2,86,1014.9,0,-1
21/05/2021 19:00,22/05/2021 00:00,123,115,15.2,24.1,27.8,88,1014.5,0,3
21/05/2021 18:50,21/05/2021 23:50,121,111,18.2,28.7,27.8,89,1014.4,0,6
21/05/2021 18:40,21/05/2021 23:40,121,117,18.5,27.5,27.9,89,1014.5,0,11
21/05/2021 18:30,21/05/2021 23:30,125,109,16.9,30.4,27.8,89,1014.5,0,18
21/05/2021 18:20,21/05/2021 23:20,122,111,18.1,29.2,27.8,89,1014.3,0,20
21/05/2021 18:10,21/05/2021 23:10,123,121,15.3,32.7,27.9,90,1014.2,0,38
21/05/2021 18:00,21/05/2021 23:00,117,107,17.7,29.8,27.9,89,1014,0,60
21/05/2021 17:50,21/05/2021 22:50,113,118,18.1,27.5,28,89,1013.8,0,65
21/05/2021 17:40,21/05/2021 22:40,115,129,20.3,31,28,89,1013.9,0,83
21/05/2021 17:30,21/05/2021 22:30,114,109,20.4,31.6,28.1,89,1014.1,0,103
21/05/2021 17:20,21/05/2021 22:20,117,111,20.1,33.3,28.1,89,1014.1,0,106
21/05/2021 17:10,21/05/2021 22:10,113,109,22,32.1,28.3,88,1014.1,0,96
21/05/2021 17:00,21/05/2021 22:00,120,106,19.3,29.2,28.5,87,1014.1,0,110
21/05/2021 16:50,21/05/2021 21:50,120,118,17.2,27.5,28.6,88,1014,0,134
21/05/2021 16:40,21/05/2021 21:40,115,120,17,24.6,28.6,88,1014,0,156
21/05/2021 16:30,21/05/2021 21:30,115,116,17.7,27.5,28.8,88,1014,0,168
21/05/2021 16:20,21/05/2021 21:20,120,117,16.3,28.1,29,86,1014,0,177
21/05/2021 16:10,21/05/2021 21:10,125,117,16.6,28.1,29,83,1013.7,0,231
21/05/2021 16:00,21/05/2021 21:00,129,106,15.2,29.2,29,83,1013.8,0,246
21/05/2021 15:50,21/05/2021 20:50,129,119,17.6,31.6,29,82,1014,0,258
21/05/2021 15:40,21/05/2021 20:40,127,116,16.4,27.5,28.8,86,1014,0,263
21/05/2021 15:30,21/05/2021 20:30,116,119,18.5,29.8,28.7,91,1014.1,0,255
21/05/2021 15:20,21/05/2021 20:20,116,100,18.4,29.2,28.4,94,1014.1,0,238
21/05/2021 15:10,21/05/2021 20:10,121,126,15.5,25.2,28.2,95,1014.2,0,183
21/05/2021 15:00,21/05/2021 20:00,114,110,15.8,26.9,27.7,94,1014.1,0,256
21/05/2021 14:50,21/05/2021 19:50,119,103,9.3,23.5,27,94,1014.2,0,232
21/05/2021 14:40,21/05/2021 19:40,119,107,10.7,17.2,26.6,90,1014.2,0,214
21/05/2021 14:30,21/05/2021 19:30,121,144,18.3,26.4,27.8,82,1014.4,0,166
21/05/2021 14:20,21/05/2021 19:20,123,122,20.3,36.2,28.9,80,1014.4,0,298
21/05/2021 14:10,21/05/2021 19:10,115,109,22,33.9,28.8,78,1014.3,0,366
21/05/2021 14:00,21/05/2021 19:00,115,109,24.5,39,28.9,79,1014.2,0,334
21/05/2021 13:50,21/05/2021 18:50,126,121,21.4,36.7,30.7,75,1014.4,0,188
21/05/2021 13:40,21/05/2021 18:40,127,129,15.9,25.8,31.6,73,1014.4,0,445
21/05/2021 13:30,21/05/2021 18:30,134,116,17.1,28.7,32.1,70,1014.3,0,488
21/05/2021 13:20,21/05/2021 18:20,131,122,17.6,28.7,32.4,69,1014.5,0,815
21/05/2021 13:10,21/05/2021 18:10,129,115,19.4,31,32.3,68,1014.5,0,909
21/05/2021 13:00,21/05/2021 18:00,137,120,18.7,29.8,32.3,69,1014.7,0,1046
21/05/2021 12:50,21/05/2021 17:50,135,155,19.4,29.8,32.2,69,1014.8,0,899
21/05/2021 12:40,21/05/2021 17:40,131,113,16.8,29.2,32.2,70,1014.7,0,897
21/05/2021 12:30,21/05/2021 17:30,127,150,18.3,28.7,31.3,74,1014.7,0,892
21/05/2021 12:20,21/05/2021 17:20,132,140,18.7,28.1,31.2,75,1014.7,0,589
21/05/2021 12:10,21/05/2021 17:10,130,132,16.1,25.8,31.1,75,1014.8,0,914
21/05/2021 12:00,21/05/2021 17:00,124,106,15.1,24.1,30.9,71,1015,0,451
21/05/2021 11:50,21/05/2021 16:50,129,135,16.9,25.2,30,75,1015.2,0,1109
21/05/2021 11:40,21/05/2021 16:40,130,107,18.2,33.3,31.4,71,1015.3,0,364
21/05/2021 11:30,21/05/2021 16:30,130,113,16.3,27.5,31.7,72,1015.4,0,947
21/05/2021 11:20,21/05/2021 16:20,129,120,16.3,22.9,31.7,73,1015.4,0,605
21/05/2021 11:10,21/05/2021 16:10,128,123,13.8,21.2,31.6,75,1015.4,0,956
21/05/2021 11:00,21/05/2021 16:00,135,141,14.9,22.3,31.4,73,1015.4,0,666
21/05/2021 10:50,21/05/2021 15:50,130,131,14.7,22.9,31.1,72,1015.3,0,802
21/05/2021 10:40,21/05/2021 15:40,129,123,14.1,21.8,30.2,72,1015.3,0,907
21/05/2021 10:30,21/05/2021 15:30,133,148,13.6,21.8,29.3,78,1015.4,0,714
21/05/2021 10:20,21/05/2021 15:20,131,152,15.8,26.4,30.5,77,1015.3,0,261
21/05/2021 10:10,21/05/2021 15:10,128,113,15.7,24.6,31.9,71,1015.3,0,435
21/05/2021 10:00,21/05/2021 15:00,134,152,14.9,24.6,32,71,1015.4,0,788
21/05/2021 09:50,21/05/2021 14:50,128,104,18.5,29.8,31.4,72,1015.4,0,810
21/05/2021 09:40,21/05/2021 14:40,131,168,15.7,25.2,30.7,75,1015.3,0,790
21/05/2021 09:30,21/05/2021 14:30,128,144,17.7,26.4,30.3,75,1015.1,0,465
21/05/2021 09:20,21/05/2021 14:20,138,151,16.8,25.8,30.3,76,1015.1,0,430
21/05/2021 09:10,21/05/2021 14:10,122,119,17.6,26.9,30.4,77,1014.9,0,347
21/05/2021 09:00,21/05/2021 14:00,131,117,15,28.1,30.9,75,1014.7,0,367
21/05/2021 08:50,21/05/2021 13:50,122,114,17.1,28.7,30.7,77,1014.6,0,620
21/05/2021 08:40,21/05/2021 13:40,135,145,14.3,21.8,30.1,79,1014.5,0,493
21/05/2021 08:30,21/05/2021 13:30,136,155,11.6,19.5,29.3,83,1014.4,0,335
21/05/2021 08:20,21/05/2021 13:20,125,110,13.2,20,28.9,84,1014.3,0,210
21/05/2021 08:10,21/05/2021 13:10,118,120,16.7,26.9,28.7,84,1014,0,189
21/05/2021 08:00,21/05/2021 13:00,125,123,15.3,27.5,28.5,85,1013.9,0,160
21/05/2021 07:50,21/05/2021 12:50,123,127,16.5,25.2,28.4,86,1013.9,0,136
21/05/2021 07:40,21/05/2021 12:40,127,107,14.9,27.5,28.2,87,1013.8,0,120
21/05/2021 07:30,21/05/2021 12:30,124,124,15,25.2,28,88,1013.7,0,104
21/05/2021 07:20,21/05/2021 12:20,127,130,13.3,22.3,27.8,89,1013.5,0,60
21/05/2021 07:10,21/05/2021 12:10,122,117,13.2,21.2,27.7,91,1013.2,0,70
21/05/2021 07:00,21/05/2021 12:00,125,115,10.8,20,27.6,90,1013.2,0,48
21/05/2021 06:50,21/05/2021 11:50,123,119,12.7,24.1,27.6,90,1013,0,41
21/05/2021 06:40,21/05/2021 11:40,120,111,14.1,23.5,27.5,92,1013,0,44
21/05/2021 06:30,21/05/2021 11:30,125,115,10.8,22.3,27.4,94,1012.9,0,32
21/05/2021 06:20,21/05/2021 11:20,123,113,10,16.6,27.2,94,1012.8,0,6
21/05/2021 06:10,21/05/2021 11:10,124,106,13.6,22.3,27.2,93,1012.5,0,1
21/05/2021 06:00,21/05/2021 11:00,124,115,13.6,22.9,27.1,93,1012.4,0,-1
21/05/2021 05:50,21/05/2021 10:50,125,118,11.9,23.5,27,93,1012.3,0,-2
21/05/2021 05:40,21/05/2021 10:40,121,116,17,26.9,27.1,93,1012,0,-2
21/05/2021 05:30,21/05/2021 10:30,121,139,17.3,26.9,27.2,92,1011.8,0,-2
21/05/2021 05:20,21/05/2021 10:20,124,126,18.1,29.8,27.3,92,1011.8,0,-2
21/05/2021 05:10,21/05/2021 10:10,121,110,20.3,30.4,27.5,91,1011.9,0,-1
21/05/2021 05:00,21/05/2021 10:00,124,130,18.4,29.2,27.5,91,1011.8,0,-1
21/05/2021 04:50,21/05/2021 09:50,123,115,16.4,25.2,27.5,92,1011.8,0,-1
21/05/2021 04:40,21/05/2021 09:40,121,112,15.7,28.7,27.5,92,1011.8,0,-1
21/05/2021 04:30,21/05/2021 09:30,124,118,14.2,22.9,27.4,93,1011.9,0,-1
21/05/2021 04:20,21/05/2021 09:20,123,117,14.5,25.2,27.5,93,1011.9,0,-1
21/05/2021 04:10,21/05/2021 09:10,122,118,14.9,27.5,27.5,93,1011.9,0,-2
21/05/2021 04:00,21/05/2021 09:00,124,119,13.5,22.3,27.5,93,1011.9,0,-2
21/05/2021 03:50,21/05/2021 08:50,123,115,12.7,22.3,27.5,92,1012,0,-2
21/05/2021 03:40,21/05/2021 08:40,126,118,12.1,27.5,27.4,92,1012.1,0,-1
21/05/2021 03:30,21/05/2021 08:30,131,108,12,21.8,27.4,93,1012.2,0,-1
21/05/2021 03:20,21/05/2021 08:20,131,128,11.1,19.5,27.4,93,1012.2,0,-2
21/05/2021 03:10,21/05/2021 08:10,133,136,10.2,17.2,27.5,93,1012.5,0,-1
21/05/2021 03:00,21/05/2021 08:00,131,145,12,22.9,27.4,95,1012.5,0,-1
21/05/2021 02:50,21/05/2021 07:50,128,110,11.2,18.3,27.4,95,1012.4,0,-2
21/05/2021 02:40,21/05/2021 07:40,125,107,12.3,22.3,27.4,95,1012.3,0,-1
21/05/2021 02:30,21/05/2021 07:30,129,114,10.6,20,27.4,94,1012.4,0,-2
21/05/2021 02:20,21/05/2021 07:20,123,132,9.1,15.4,27.4,94,1012.6,0,-1
21/05/2021 02:10,21/05/2021 07:10,121,110,9.7,18.3,27.4,94,1012.7,0,-1
21/05/2021 02:00,21/05/2021 07:00,127,114,7.5,14.9,27.4,94,1013,0,-1
21/05/2021 01:50,21/05/2021 06:50,133,139,6.2,13.1,27.4,93,1013.2,0,-2
21/05/2021 01:40,21/05/2021 06:40,132,123,6.8,14.9,27.4,93,1013.2,0,-2
21/05/2021 01:30,21/05/2021 06:30,133,154,6.9,11.4,27.5,94,1013.3,0,-1
21/05/2021 01:20,21/05/2021 06:20,132,131,6.5,10.8,27.5,93,1013.5,0,-2
21/05/2021 01:10,21/05/2021 06:10,129,136,7.3,15.4,27.6,93,1013.7,0,-1
21/05/2021 01:00,21/05/2021 06:00,129,125,8.3,16,27.5,93,1013.7,0,-1
21/05/2021 00:50,21/05/2021 05:50,127,122,8.8,20.6,27.5,93,1013.7,0,-2
21/05/2021 00:40,21/05/2021 05:40,134,108,6.5,12.5,27.5,93,1014,0,-2
21/05/2021 00:30,21/05/2021 05:30,140,156,7.5,16,27.5,93,1014,0,-2
21/05/2021 00:20,21/05/2021 05:20,140,153,8.1,16,27.6,93,1014,0,-2
21/05/2021 00:10,21/05/2021 05:10,135,123,7.4,14.3,27.6,92,1013.9,0,-2
21/05/2021 00:00,21/05/2021 05:00,130,117,9.3,17.2,27.6,93,1013.8,0,-2
20/05/2021 23:50,21/05/2021 04:50,131,115,8.8,16,27.6,93,1013.6,0,-2
20/05/2021 23:40,21/05/2021 04:40,134,153,9.1,16,27.6,93,1013.8,0,-2
20/05/2021 23:30,21/05/2021 04:30,132,139,8.6,17.2,27.6,93,1013.8,0,-2
20/05/2021 23:20,21/05/2021 04:20,134,127,9.5,15.4,27.6,93,1013.9,0,-2
20/05/2021 23:10,21/05/2021 04:10,127,126,8.7,18.3,27.7,92,1014,0,-2
20/05/2021 23:00,21/05/2021 04:00,124,115,9.5,17.2,27.7,92,1014,0,-2
20/05/2021 22:50,21/05/2021 03:50,127,121,10.1,20,27.7,91,1014.1,0,-2
20/05/2021 22:40,21/05/2021 03:40,130,128,7.7,12.5,27.8,90,1014.1,0,-2
20/05/2021 22:30,21/05/2021 03:30,125,116,11.5,22.9,27.9,89,1014.1,0,-1
20/05/2021 22:20,21/05/2021 03:20,134,127,12.4,18.9,27.9,89,1014.1,0,-2
20/05/2021 22:10,21/05/2021 03:10,128,137,12.1,19.5,27.9,89,1013.9,0,-2
20/05/2021 22:00,21/05/2021 03:00,126,111,11.5,20,27.9,89,1013.8,0,-2
20/05/2021 21:50,21/05/2021 02:50,132,147,12.5,20.6,28,89,1013.8,0,-1
20/05/2021 21:40,21/05/2021 02:40,134,128,9.9,18.9,27.9,89,1013.6,0,-2
20/05/2021 21:30,21/05/2021 02:30,135,145,10.3,16,27.9,88,1013.7,0,-1
20/05/2021 21:20,21/05/2021 02:20,135,136,9.2,16.6,27.9,89,1013.6,0,-1
20/05/2021 21:10,21/05/2021 02:10,130,131,9.6,15.4,28,88,1013.3,0,-1
20/05/2021 21:00,21/05/2021 02:00,134,132,11.8,19.5,28,89,1013.2,0,-1
20/05/2021 20:50,21/05/2021 01:50,125,118,10.9,19.5,28,91,1013.1,0,-1
20/05/2021 20:40,21/05/2021 01:40,134,141,8.9,15.4,27.9,91,1012.8,0,-1
20/05/2021 20:30,21/05/2021 01:30,132,145,9,17.2,27.8,92,1012.6,0,-2
20/05/2021 20:20,21/05/2021 01:20,124,161,9,16,28,91,1012.5,0,-1
20/05/2021 20:10,21/05/2021 01:10,138,136,9.4,17.7,27.9,91,1012.3,0,-1
20/05/2021 20:00,21/05/2021 01:00,135,124,9.1,16,27.9,89,1012.2,0,-2
20/05/2021 19:50,21/05/2021 00:50,138,158,10.7,18.9,28,88,1012,0,-2
20/05/2021 19:40,21/05/2021 00:40,135,147,8.4,15.4,28,87,1012,0,-2
20/05/2021 19:30,21/05/2021 00:30,131,117,10.4,18.9,28.2,86,1011.9,0,-1
20/05/2021 19:20,21/05/2021 00:20,131,154,11.7,19.5,28.3,85,1011.8,0,3
20/05/2021 19:10,21/05/2021 00:10,132,148,11.6,20,28.5,83,1011.7,0,13
20/05/2021 19:00,21/05/2021 00:00,136,128,12.4,24.6,28.7,81,1011.6,0,25
20/05/2021 18:50,20/05/2021 23:50,138,150,14,22.3,28.9,80,1011.6,0,40
20/05/2021 18:40,20/05/2021 23:40,139,148,14.6,26.4,29.2,78,1011.4,0,62
20/05/2021 18:30,20/05/2021 23:30,136,165,13.9,24.6,29.4,77,1011.4,0,101
20/05/2021 18:20,20/05/2021 23:20,143,151,13,22.3,29.4,77,1011.3,0,134
20/05/2021 18:10,20/05/2021 23:10,143,160,16.1,26.9,29.6,76,1011.1,0,93
20/05/2021 18:00,20/05/2021 23:00,137,155,13.2,22.9,30.1,76,1011.1,0,138
20/05/2021 17:50,20/05/2021 22:50,136,131,13.6,21.8,30.4,76,1011,0,196
20/05/2021 17:40,20/05/2021 22:40,143,133,16.2,28.1,30.4,76,1010.8,0,254
20/05/2021 17:30,20/05/2021 22:30,139,162,16.8,28.1,30.5,75,1010.6,0,238
20/05/2021 17:20,20/05/2021 22:20,147,163,19.7,32.7,30.8,74,1010.6,0,337
20/05/2021 17:10,20/05/2021 22:10,144,150,18,30.4,31,74,1010.5,0,348
20/05/2021 17:00,20/05/2021 22:00,153,158,17.2,28.1,31.2,76,1010.5,0,456
20/05/2021 16:50,20/05/2021 21:50,150,160,15.7,26.4,31.2,75,1010.5,0,447
20/05/2021 16:40,20/05/2021 21:40,147,153,14.5,31.6,31.5,74,1010.6,0,442
20/05/2021 16:30,20/05/2021 21:30,153,153,18.2,29.8,31.7,73,1010.8,0,519
20/05/2021 16:20,20/05/2021 21:20,158,158,16.6,29.2,31.9,71,1011,0,578
20/05/2021 16:10,20/05/2021 21:10,157,142,14.9,25.2,32,71,1011.1,0,621
20/05/2021 16:00,20/05/2021 21:00,156,140,18.8,29.2,31.5,71,1011.3,0,667
20/05/2021 15:50,20/05/2021 20:50,164,166,17,28.1,31.5,71,1011.5,0,469
20/05/2021 15:40,20/05/2021 20:40,152,168,15.3,27.5,30.7,73,1011.6,0,425
20/05/2021 15:30,20/05/2021 20:30,153,159,15.1,25.2,31.3,70,1011.6,0,359
20/05/2021 15:20,20/05/2021 20:20,154,154,18.9,27.5,31.8,69,1011.8,0,604
20/05/2021 15:10,20/05/2021 20:10,148,155,14.4,25.8,31.1,73,1011.8,0,593
20/05/2021 15:00,20/05/2021 20:00,153,164,18,28.1,30.6,72,1012,0,398
20/05/2021 14:50,20/05/2021 19:50,150,153,17.4,27.5,30.6,73,1012.1,0,387
20/05/2021 14:40,20/05/2021 19:40,159,181,16.6,27.5,31,72,1012.2,0,334
20/05/2021 14:30,20/05/2021 19:30,154,157,16.5,28.7,31.4,70,1012.2,0,415
20/05/2021 14:20,20/05/2021 19:20,159,151,20.3,30.4,31.7,69,1012.3,0,545
20/05/2021 14:10,20/05/2021 19:10,158,168,18.8,33.9,32.4,66,1012.2,0,630
20/05/2021 14:00,20/05/2021 19:00,151,165,15.2,31,32.4,67,1012.3,0,674
20/05/2021 13:50,20/05/2021 18:50,152,151,15.8,23.5,31.7,67,1012.4,0,701
20/05/2021 13:40,20/05/2021 18:40,141,155,11.5,22.3,30.5,65,1012.6,0,580
20/05/2021 13:30,20/05/2021 18:30,136,140,12.8,20.6,28.8,68,1012.9,0,603
20/05/2021 13:20,20/05/2021 18:20,141,142,12.9,25.2,27.8,85,1013,0,406
20/05/2021 13:10,20/05/2021 18:10,138,142,14,24.1,27.3,92,1013,0,465
20/05/2021 13:00,20/05/2021 18:00,148,142,17.1,29.8,27.6,86,1013.1,0.25,441
20/05/2021 12:50,20/05/2021 17:50,156,157,18.9,41.3,29.3,77,1013.1,0,242
20/05/2021 12:40,20/05/2021 17:40,179,181,15.2,25.2,29.1,74,1013.1,0,364
20/05/2021 12:30,20/05/2021 17:30,182,187,16.6,34.4,30.2,72,1013.2,0,233
20/05/2021 12:20,20/05/2021 17:20,137,135,14.7,30.4,31.5,71,1013.1,0,337
20/05/2021 12:10,20/05/2021 17:10,138,147,16.6,26.4,32,69,1013.1,0,556
20/05/2021 12:00,20/05/2021 17:00,135,109,15.2,26.4,31.4,71,1013.1,0,863
20/05/2021 11:50,20/05/2021 16:50,142,144,18,28.1,30.6,74,1013.1,0,503
20/05/2021 11:40,20/05/2021 16:40,146,163,16.7,28.1,30.7,73,1013.2,0,377
20/05/2021 11:30,20/05/2021 16:30,152,159,17.6,27.5,31,71,1013.3,0,376
20/05/2021 11:20,20/05/2021 16:20,146,146,18.2,30.4,31.4,69,1013.3,0,474
20/05/2021 11:10,20/05/2021 16:10,150,157,14.7,25.8,31.4,71,1013.3,0,555
20/05/2021 11:00,20/05/2021 16:00,149,155,16.6,28.7,31,72,1013.1,0,609
20/05/2021 10:50,20/05/2021 15:50,144,164,16.7,28.1,30.8,72,1013,0,470
20/05/2021 10:40,20/05/2021 15:40,147,153,18.1,29.8,30.8,71,1012.9,0,459
20/05/2021 10:30,20/05/2021 15:30,148,146,19.2,33.3,31.1,70,1012.8,0,506
20/05/2021 10:20,20/05/2021 15:20,143,137,16.8,31.6,30.9,70,1012.6,0,539
20/05/2021 10:10,20/05/2021 15:10,148,165,17.6,31,31,70,1012.6,0,561
20/05/2021 10:00,20/05/2021 15:00,147,152,18.1,31,30.5,73,1012.5,0,585
20/05/2021 09:50,20/05/2021 14:50,135,147,16.4,29.2,30.5,73,1012.4,0,438
20/05/2021 09:40,20/05/2021 14:40,145,145,19,29.2,31,71,1012.4,0,431
20/05/2021 09:30,20/05/2021 14:30,149,162,20.2,32.1,31.2,69,1012.4,0,768
20/05/2021 09:20,20/05/2021 14:20,144,157,18.5,32.7,30.9,71,1012.4,0,731
20/05/2021 09:10,20/05/2021 14:10,134,135,17.1,24.6,30.5,73,1012.3,0,602
20/05/2021 09:00,20/05/2021 14:00,134,132,16,27.5,30,76,1012.1,0,560
20/05/2021 08:50,20/05/2021 13:50,132,122,16.1,26.4,29.3,82,1012,0,557
20/05/2021 08:40,20/05/2021 13:40,137,117,13.6,24.6,28.3,88,1012,0,433
20/05/2021 08:30,20/05/2021 13:30,140,155,16.4,32.7,27.8,92,1011.9,0,253
20/05/2021 08:20,20/05/2021 13:20,148,148,15.8,27.5,27.2,96,1011.7,0,253
20/05/2021 08:10,20/05/2021 13:10,149,139,17.8,26.9,26.9,99,1011.5,0,199
20/05/2021 08:00,20/05/2021 13:00,148,157,14.8,24.6,27.1,94,1011.5,0,124
20/05/2021 07:50,20/05/2021 12:50,148,157,18.5,31.6,28.5,85,1011.3,0.25,52
20/05/2021 07:40,20/05/2021 12:40,146,148,17.3,28.1,28.8,83,1011,0,116
20/05/2021 07:30,20/05/2021 12:30,154,159,17.6,26.9,28.6,84,1010.9,0,227
20/05/2021 07:20,20/05/2021 12:20,149,150,17.6,29.2,28,84,1010.9,0,146
20/05/2021 07:10,20/05/2021 12:10,147,161,17.6,29.2,28,83,1010.9,0,63
20/05/2021 07:00,20/05/2021 12:00,147,165,18.7,29.8,28,83,1010.8,0,83
20/05/2021 06:50,20/05/2021 11:50,151,166,21.1,33.9,27.8,84,1010.6,0,64
20/05/2021 06:40,20/05/2021 11:40,147,156,18.2,30.4,27.7,85,1010.7,0,42
20/05/2021 06:30,20/05/2021 11:30,146,146,16.4,30.4,27.5,87,1010.7,0,17
20/05/2021 06:20,20/05/2021 11:20,147,164,17.2,26.9,27.5,87,1010.7,0,7
20/05/2021 06:10,20/05/2021 11:10,153,156,18.9,29.8,27.5,86,1010.6,0,0
20/05/2021 06:00,20/05/2021 11:00,151,158,18.2,28.1,27.5,86,1010.5,0,-1
20/05/2021 05:50,20/05/2021 10:50,156,155,18.8,28.7,27.6,86,1010.5,0,-2
20/05/2021 05:40,20/05/2021 10:40,159,170,17.2,27.5,27.7,86,1010.5,0,-2
20/05/2021 05:30,20/05/2021 10:30,158,159,18.8,30.4,27.7,85,1010.3,0,-2
20/05/2021 05:20,20/05/2021 10:20,161,162,18.6,30.4,27.7,87,1010.4,0,-2
20/05/2021 05:10,20/05/2021 10:10,152,159,16.7,30.4,27.7,89,1010.6,0,-1
20/05/2021 05:00,20/05/2021 10:00,160,163,16.1,26.9,27.7,90,1010.5,0,-1
20/05/2021 04:50,20/05/2021 09:50,150,165,16.1,26.9,27.7,89,1010.4,0,-1
20/05/2021 04:40,20/05/2021 09:40,153,157,17.1,27.5,27.7,89,1010.4,0,-1
20/05/2021 04:30,20/05/2021 09:30,154,158,17,26.4,27.6,89,1010.5,0,-1
20/05/2021 04:20,20/05/2021 09:20,148,149,15.5,25.8,27.6,88,1010.3,0,-2
20/05/2021 04:10,20/05/2021 09:10,150,158,17.4,30.4,27.6,89,1010.2,0,-1
20/05/2021 04:00,20/05/2021 09:00,156,162,17.3,32.7,27.6,88,1010.2,0,-1
20/05/2021 03:50,20/05/2021 08:50,152,145,15.9,26.9,27.6,88,1010.1,0,-2
20/05/2021 03:40,20/05/2021 08:40,149,156,17,26.4,27.5,90,1010.1,0,-1
20/05/2021 03:30,20/05/2021 08:30,157,152,16.2,26.4,27.4,94,1010.2,0,-1
20/05/2021 03:20,20/05/2021 08:20,155,154,13.5,29.2,27.3,96,1010.3,0,-1
20/05/2021 03:10,20/05/2021 08:10,160,164,15.8,26.9,27.3,96,1010.4,0,-2
20/05/2021 03:00,20/05/2021 08:00,154,154,15.8,26.9,27.2,96,1010.6,0,-1
20/05/2021 02:50,20/05/2021 07:50,153,155,11.4,24.6,27.3,95,1010.7,0,-2
20/05/2021 02:40,20/05/2021 07:40,161,165,14.8,30.4,27.2,95,1010.8,0,-2
20/05/2021 02:30,20/05/2021 07:30,154,158,16.3,25.8,27.2,96,1010.9,0,-2
20/05/2021 02:20,20/05/2021 07:20,153,159,15,25.8,27.3,95,1011,0,-2
20/05/2021 02:10,20/05/2021 07:10,151,157,17.2,28.1,27.5,92,1011,0,-2
20/05/2021 02:00,20/05/2021 07:00,147,148,14.8,29.8,27.6,89,1011.1,0,-1
20/05/2021 01:50,20/05/2021 06:50,146,145,14.8,27.5,27.7,91,1011.2,0,-1
20/05/2021 01:40,20/05/2021 06:40,147,150,15,25.2,27.8,90,1011.2,0,-1
20/05/2021 01:30,20/05/2021 06:30,151,163,16.9,28.7,27.7,90,1011.1,0,-1
20/05/2021 01:20,20/05/2021 06:20,148,154,15.8,24.6,27.7,89,1011.2,0,-1
20/05/2021 01:10,20/05/2021 06:10,148,159,18.1,30.4,27.6,90,1011.3,0,-1
20/05/2021 01:00,20/05/2021 06:00,142,154,14.8,26.4,27.5,91,1011.2,0,-1
20/05/2021 00:50,20/05/2021 05:50,145,148,15,26.9,27.5,92,1011.3,0,-1
20/05/2021 00:40,20/05/2021 05:40,149,155,17.1,31.6,27.3,96,1011.5,0,0
20/05/2021 00:30,20/05/2021 05:30,145,167,14.6,25.2,27.2,100,1011.6,0,0
20/05/2021 00:20,20/05/2021 05:20,145,159,13.7,21.8,27.1,100,1011.6,0,0
20/05/2021 00:10,20/05/2021 05:10,145,144,12,19.5,27.2,97,1011.4,0,0
20/05/2021 00:00,20/05/2021 05:00,147,162,15.6,29.2,27.6,91,1011.3,0,-3
19/05/2021 23:50,20/05/2021 04:50,140,146,14.1,28.1,27.9,91,1011.3,0,-1
19/05/2021 23:40,20/05/2021 04:40,140,149,12.5,22.3,27.9,90,1011.4,0,-1
19/05/2021 23:30,20/05/2021 04:30,139,156,12.3,24.6,27.9,90,1011.5,0,-1
19/05/2021 23:20,20/05/2021 04:20,141,162,14,26.4,27.9,90,1011.5,0,-1
19/05/2021 23:10,20/05/2021 04:10,142,161,12.4,21.8,28,90,1011.4,0,-1
19/05/2021 23:00,20/05/2021 04:00,144,153,13.8,25.2,27.9,90,1011.5,0,-1
19/05/2021 22:50,20/05/2021 03:50,150,166,14.3,22.9,27.9,90,1011.6,0,-1
19/05/2021 22:40,20/05/2021 03:40,148,158,13.2,25.8,28,90,1011.5,0,-1
19/05/2021 22:30,20/05/2021 03:30,142,155,11.3,22.3,28,91,1011.4,0,-1
19/05/2021 22:20,20/05/2021 03:20,140,148,11.6,19.5,28,89,1011.3,0,-1
19/05/2021 22:10,20/05/2021 03:10,143,156,14.4,24.6,28.1,88,1011.1,0,-1
19/05/2021 22:00,20/05/2021 03:00,146,137,14.7,28.1,28.1,88,1011,0,-1
19/05/2021 21:50,20/05/2021 02:50,143,157,12.3,22.9,28.2,87,1011.1,0,-1
19/05/2021 21:40,20/05/2021 02:40,151,158,15.6,25.2,28.2,86,1011.1,0,-1
19/05/2021 21:30,20/05/2021 02:30,147,144,13.5,24.1,28.1,86,1010.9,0,-1
19/05/2021 21:20,20/05/2021 02:20,146,157,13.4,22.9,28.1,86,1010.7,0,-1
19/05/2021 21:10,20/05/2021 02:10,143,160,13.8,24.1,28.1,87,1010.6,0,-2
19/05/2021 21:00,20/05/2021 02:00,148,151,14.7,24.6,28.1,86,1010.6,0,-1
19/05/2021 20:50,20/05/2021 01:50,146,157,13.3,21.8,28.1,86,1010.5,0,-1
19/05/2021 20:40,20/05/2021 01:40,146,151,13.8,23.5,28.1,87,1010.5,0,-1
19/05/2021 20:30,20/05/2021 01:30,149,134,15.7,27.5,28.1,88,1010.3,0,-2
19/05/2021 20:20,20/05/2021 01:20,149,154,14.3,23.5,28.2,88,1010.4,0,-1
19/05/2021 20:10,20/05/2021 01:10,150,163,12.6,20,28.2,88,1010.3,0,-1
19/05/2021 20:00,20/05/2021 01:00,147,153,12.6,21.8,28.2,86,1010.4,0,-1
19/05/2021 19:50,20/05/2021 00:50,153,159,15.3,25.2,28.2,85,1010.3,0,-1
19/05/2021 19:40,20/05/2021 00:40,153,161,15,22.3,28.3,85,1010.2,0,-1
19/05/2021 19:30,20/05/2021 00:30,154,189,14.2,25.2,28.3,85,1010.2,0,0
19/05/2021 19:20,20/05/2021 00:20,153,124,14.6,22.9,28.4,84,1010.2,0,4
19/05/2021 19:10,20/05/2021 00:10,159,156,15,26.4,28.5,83,1010.1,0,14
19/05/2021 19:00,20/05/2021 00:00,152,166,14.9,26.4,28.5,83,1010.1,0,26
19/05/2021 18:50,19/05/2021 23:50,152,159,13.7,23.5,28.6,83,1010.1,0,40
19/05/2021 18:40,19/05/2021 23:40,151,156,13.5,24.6,28.6,82,1010,0,48
19/05/2021 18:30,19/05/2021 23:30,153,157,15,24.1,28.8,80,1010,0,49
19/05/2021 18:20,19/05/2021 23:20,159,156,18.5,28.1,29.2,77,1010,0,56
19/05/2021 18:10,19/05/2021 23:10,159,176,19.4,30.4,29.7,74,1010,0,89
19/05/2021 18:00,19/05/2021 23:00,159,164,17.4,27.5,30.3,74,1009.9,0,191
19/05/2021 17:50,19/05/2021 22:50,145,159,13.3,25.2,30.8,73,1009.9,0,244
19/05/2021 17:40,19/05/2021 22:40,151,149,13.6,26.4,30.8,75,1009.9,0,303
19/05/2021 17:30,19/05/2021 22:30,154,155,16.4,23.5,30.7,75,1009.8,0,307
19/05/2021 17:20,19/05/2021 22:20,157,163,16,26.4,31.1,74,1009.9,0,440
19/05/2021 17:10,19/05/2021 22:10,161,152,17.4,26.4,30.4,76,1009.9,0,529
19/05/2021 17:00,19/05/2021 22:00,159,172,17.1,26.9,30.3,76,1009.9,0,346
19/05/2021 16:50,19/05/2021 21:50,153,159,15,25.8,30,75,1010,0,388
19/05/2021 16:40,19/05/2021 21:40,157,165,15.2,24.6,29.7,76,1010,0,263
19/05/2021 16:30,19/05/2021 21:30,155,159,17,31,30,77,1010,0,378
19/05/2021 16:20,19/05/2021 21:20,148,152,19,36.2,30.7,75,1010,0,357
19/05/2021 16:10,19/05/2021 21:10,138,135,15.8,25.8,31.8,71,1010,0,294
19/05/2021 16:00,19/05/2021 21:00,143,149,15.9,27.5,32.7,65,1010,0,498
19/05/2021 15:50,19/05/2021 20:50,140,149,15.4,25.2,32.3,66,1010.1,0,313
19/05/2021 15:40,19/05/2021 20:40,138,168,17.8,31,32.1,70,1010.1,0,328
19/05/2021 15:30,19/05/2021 20:30,147,165,17.9,31.6,32,71,1010.2,0,425
19/05/2021 15:20,19/05/2021 20:20,152,164,19.8,29.2,32.2,69,1010.2,0,692
19/05/2021 15:10,19/05/2021 20:10,139,161,16,28.1,32.3,70,1010.3,0,612
19/05/2021 15:00,19/05/2021 20:00,141,150,14.8,23.5,32.7,68,1010.4,0,530
19/05/2021 14:50,19/05/2021 19:50,141,153,14,25.8,32.7,67,1010.6,0,552
19/05/2021 14:40,19/05/2021 19:40,147,145,15.8,31,32.6,68,1010.7,0,730
19/05/2021 14:30,19/05/2021 19:30,142,158,16,26.9,32.3,68,1010.8,0,620
19/05/2021 14:20,19/05/2021 19:20,152,163,17.6,31.6,31.8,71,1010.9,0,666
19/05/2021 14:10,19/05/2021 19:10,147,141,14.8,25.8,30.6,78,1011,0,550
19/05/2021 14:00,19/05/2021 19:00,148,160,16.3,26.4,30.1,79,1011,0,330
19/05/2021 13:50,19/05/2021 18:50,141,155,14.2,24.6,30.5,77,1011.2,0,196
19/05/2021 13:40,19/05/2021 18:40,131,120,16.3,27.5,31.8,71,1011.3,0,244
19/05/2021 13:30,19/05/2021 18:30,143,166,17,29.8,32.8,67,1011.2,0,575
19/05/2021 13:20,19/05/2021 18:20,142,161,17.5,29.2,33.2,67,1011.4,0,925
19/05/2021 13:10,19/05/2021 18:10,141,142,16.4,25.2,33.1,67,1011.5,0,1079
